Unnamed: 0,Job Title,Rating,Company Name,Location,Headquarters,Founded,Type of ownership,Industry,Sector,Revenue,competitor_count,company_age,job_state,min_salary,max_salary,python_yn,r_yn,sql_yn,aws_yn,azure_yn,spark_yn,hadoop_yn,excel_yn,tableau_yn,sas_yn,docker_yn,kubernetes_yn,security_clearance,phd_yn,masters_yn,bachelors_yn,size_num
0,69,3.8,294,3,72,1973,3,23,12,13,0,51,25,53,91,1,0,0,0,0,0,0,1,1,1,0,0,0,0,1,1,501.0
1,106,3.4,320,99,12,1984,8,21,4,9,0,40,18,63,112,1,0,0,0,0,0,0,0,0,0,0,0,0,0,1,0,10000.0
2,69,4.8,164,42,43,2010,3,41,21,8,0,14,7,80,90,1,1,1,0,0,1,0,1,0,1,0,0,0,1,1,0,501.0
3,69,3.8,217,154,150,1965,5,10,11,2,3,59,36,56,97,1,0,0,0,0,0,0,0,0,0,0,0,0,0,1,0,1001.0
4,69,2.9,13,122,118,1998,3,12,21,5,3,26,26,86,143,1,1,1,0,0,0,0,1,0,1,0,0,0,0,1,0,51.0
5,69,3.4,90,50,47,2000,4,38,13,0,3,24,33,71,119,1,0,1,1,1,0,0,1,0,0,0,0,0,0,1,0,201.0
6,69,4.1,77,18,12,2008,3,56,2,5,0,16,18,54,93,0,0,0,0,0,0,0,1,0,0,0,0,0,0,1,0,501.0
7,69,3.8,174,164,169,2005,3,5,21,10,0,19,2,86,142,1,0,1,1,0,1,0,1,0,0,0,0,0,1,1,0,201.0
8,165,3.3,248,157,153,2014,6,21,4,2,0,10,26,38,84,0,0,0,0,0,0,0,0,0,0,0,0,0,1,0,0,10000.0
9,69,4.6,4,122,118,2009,3,28,5,8,2,15,26,120,160,1,0,0,0,0,1,0,0,0,0,0,0,0,0,0,0,51.0
10,69,3.5,333,164,159,2011,3,37,14,0,0,13,2,126,201,1,1,0,0,0,0,0,0,0,0,0,0,0,0,0,0,501.0
11,69,4.1,179,35,78,1968,4,40,21,0,0,56,35,64,106,0,0,1,0,0,0,1,0,0,0,0,0,0,0,1,0,5001.0
12,252,3.2,330,142,17,1962,4,8,14,7,3,62,33,106,172,0,0,1,0,0,0,1,0,0,0,0,0,0,0,1,1,10000.0
13,40,4.1,334,173,169,2012,3,12,21,5,0,12,36,46,85,1,1,1,1,1,1,0,1,1,0,0,0,0,0,1,0,201.0
14,69,3.7,290,30,125,1781,4,58,20,7,3,243,17,83,144,1,0,1,0,0,1,0,0,0,0,0,0,0,1,1,0,10000.0
15,56,3.6,30,123,119,1995,10,36,8,5,0,29,24,102,190,0,0,0,0,0,0,0,1,0,0,0,0,0,0,1,0,1001.0
16,180,3.9,45,30,28,2011,4,58,20,1,3,13,17,67,137,0,0,0,0,0,0,0,1,0,0,0,0,0,1,1,0,51.0
17,36,4.3,340,118,112,2011,3,11,5,5,0,13,2,118,189,1,0,0,1,1,1,1,1,0,0,0,0,0,0,1,1,201.0
18,75,4.2,208,163,159,2010,3,11,5,5,0,14,2,110,175,0,0,1,0,0,0,0,0,0,0,0,0,0,0,1,1,51.0
19,69,4.0,229,53,52,1915,7,27,6,2,0,109,3,64,111,1,0,1,0,0,0,0,1,0,0,0,0,0,0,1,1,501.0
20,69,3.2,231,173,169,2012,3,28,5,5,3,12,36,81,130,1,0,1,0,0,1,0,0,0,0,0,0,0,0,1,0,201.0
21,198,3.9,147,50,112,2013,3,26,6,5,0,11,33,73,119,0,0,0,0,0,0,0,1,0,0,0,0,0,1,1,0,201.0
22,76,3.8,314,40,117,1995,3,32,16,5,0,29,11,86,139,1,1,1,1,0,0,0,1,0,0,0,0,0,1,1,1,501.0
23,69,4.3,252,104,131,1935,7,32,16,6,0,89,14,63,105,1,0,1,0,0,0,0,1,1,0,0,0,0,0,1,1,51.0
25,69,4.0,206,78,105,2012,3,11,5,8,3,12,35,109,177,1,0,0,1,0,0,0,0,0,0,0,0,1,0,1,0,501.0
26,90,4.0,226,30,118,1849,4,58,20,7,0,175,17,63,110,1,1,0,1,0,0,0,1,0,0,0,0,0,0,1,0,10000.0
27,69,3.5,124,80,160,1952,3,56,2,8,0,72,28,75,124,1,0,1,1,0,1,0,1,1,0,1,1,0,0,1,0,1001.0
28,6,3.7,304,199,196,1852,4,27,6,11,0,172,17,34,61,0,0,0,0,0,0,0,1,0,0,0,0,0,0,1,1,5001.0
29,29,4.0,226,73,118,1849,4,58,20,7,0,175,4,63,105,0,0,0,1,0,0,0,1,0,0,0,0,0,0,1,1,10000.0
30,69,4.8,164,42,43,2010,3,41,21,8,0,14,7,80,90,1,1,1,0,0,1,0,1,0,1,0,0,0,1,1,0,501.0
31,69,3.8,217,154,150,1965,5,10,11,2,3,59,36,56,97,1,0,0,0,0,0,0,0,0,0,0,0,0,0,1,0,1001.0
32,69,3.6,20,55,54,1997,3,38,13,2,0,27,19,72,120,1,0,1,0,0,0,0,0,0,1,0,0,0,0,1,0,1001.0
33,80,3.8,205,30,13,1996,4,58,20,7,0,28,17,86,143,1,0,0,0,0,0,0,0,0,0,0,0,0,0,1,0,10000.0
34,69,3.8,161,182,177,1996,4,49,15,9,0,28,2,93,149,1,0,1,0,0,1,0,1,0,0,0,0,0,0,1,1,5001.0
35,69,4.7,203,86,84,1974,3,58,20,5,3,50,17,85,140,1,0,0,0,0,0,0,1,0,0,0,1,0,0,0,1,201.0
36,263,4.2,75,164,41,2008,3,24,5,5,0,16,2,77,135,1,0,1,0,0,0,0,1,1,0,0,0,0,0,1,0,201.0
37,69,3.5,111,151,145,1969,3,3,5,0,1,55,2,82,132,1,0,0,1,1,1,1,0,1,0,1,1,0,1,1,1,1001.0
38,69,4.7,287,197,195,2010,3,23,12,8,0,14,17,83,137,1,0,1,0,0,1,1,1,0,0,0,0,1,1,1,0,201.0
39,195,3.5,262,69,73,1870,4,58,20,0,0,154,2,115,180,1,0,0,0,0,0,0,1,0,0,0,0,0,0,1,0,5001.0
40,51,3.5,168,101,95,1985,3,27,6,8,0,39,26,74,138,1,1,1,0,0,0,0,1,0,0,0,0,0,0,1,1,201.0
41,40,4.2,263,163,159,2008,3,24,5,13,3,16,2,64,112,1,0,1,1,0,0,0,1,1,0,0,0,0,0,1,1,201.0
43,51,3.6,225,108,99,0,3,0,0,3,0,0,17,68,129,0,0,1,0,0,0,0,1,0,0,0,0,0,0,1,1,1.0
44,72,4.2,208,163,159,2010,3,11,5,5,0,14,2,110,175,0,0,0,0,0,0,0,0,0,0,0,0,0,1,1,0,51.0
45,175,3.4,106,6,172,2015,4,7,7,9,3,9,24,52,113,0,0,0,1,0,0,0,0,0,0,0,0,0,0,1,0,5001.0
46,195,4.3,110,40,41,1993,4,38,13,9,3,31,11,110,150,1,0,1,0,0,1,1,1,1,0,0,0,0,1,1,0,1001.0
48,69,5.0,32,190,3,0,3,11,5,5,0,0,5,150,160,0,0,0,1,0,0,0,1,0,0,0,0,0,0,1,1,501.0
49,119,3.7,328,21,67,1958,4,24,5,7,3,66,36,158,211,1,0,1,0,0,0,0,1,1,1,0,0,0,0,1,1,10000.0
50,6,3.1,158,102,126,1986,3,11,5,9,0,38,3,20,39,0,0,0,0,0,0,0,1,0,0,0,0,0,0,1,0,5001.0
51,230,4.7,65,19,37,1999,3,23,12,8,3,25,27,56,117,0,0,0,0,0,0,0,0,0,0,0,0,1,1,1,1,501.0
52,32,3.7,62,137,51,1925,4,25,7,7,3,99,11,63,99,0,1,0,0,0,0,0,0,1,0,0,0,0,0,1,0,10000.0
54,69,3.8,336,62,63,1984,10,12,21,5,0,40,7,68,114,1,0,1,0,0,0,1,1,1,0,0,0,0,0,1,0,501.0
55,86,3.3,171,26,23,1912,3,27,6,7,3,112,17,86,143,1,1,0,0,0,0,0,0,0,0,0,0,0,0,1,1,10000.0
56,65,4.6,307,84,82,2002,3,23,12,8,0,22,0,41,95,1,0,0,0,0,0,0,1,1,0,0,0,1,0,1,0,1001.0
57,69,3.7,285,11,197,1863,4,26,6,7,3,161,26,86,144,1,0,1,0,0,0,0,1,0,0,0,0,0,1,1,0,10000.0
58,69,3.7,204,162,61,1939,4,23,12,7,0,85,2,80,139,0,1,1,0,0,0,0,1,1,0,0,0,0,0,1,1,10000.0
59,69,3.5,262,3,73,1870,4,58,20,0,0,154,25,56,95,1,0,0,0,0,0,0,1,0,0,0,0,0,0,1,1,5001.0
60,69,4.1,202,163,166,2012,3,11,5,5,3,12,2,120,189,1,0,0,0,0,1,0,1,0,0,0,0,0,1,1,0,501.0
61,69,4.7,1,159,155,2016,3,24,5,5,2,8,21,111,176,1,1,1,0,0,1,0,0,0,0,0,0,0,0,1,1,51.0
62,69,4.1,77,18,12,2008,3,56,2,5,0,16,18,54,93,0,0,0,0,0,0,0,1,0,0,0,0,0,0,1,0,501.0
63,69,3.4,90,50,47,2000,4,38,13,0,3,24,33,71,119,1,0,1,1,1,0,0,1,0,0,0,0,0,0,1,0,201.0
65,195,4.4,301,41,42,1885,10,33,9,5,0,139,27,82,132,1,0,1,1,0,0,0,0,1,0,0,0,0,0,1,1,201.0
66,69,4.3,318,122,118,2011,3,5,21,6,0,13,26,84,146,1,1,1,1,1,1,1,0,1,0,0,0,0,0,0,0,201.0
67,218,3.8,40,133,129,2006,4,16,2,13,0,18,2,107,172,0,0,1,0,0,0,0,0,0,1,0,0,0,1,1,0,501.0
68,84,3.8,218,154,150,1965,5,10,11,2,3,59,36,49,85,0,0,0,0,0,0,0,0,0,1,0,0,1,0,1,1,1001.0
70,69,3.8,93,47,46,1948,4,43,14,11,3,76,29,61,109,1,1,1,0,0,0,0,0,0,0,0,1,0,0,1,0,10000.0
72,69,2.8,39,66,68,2006,3,58,20,1,0,18,17,88,148,1,1,1,0,0,0,0,1,0,0,0,0,0,1,1,0,51.0
73,69,4.7,214,14,8,2003,3,3,5,10,0,21,8,60,99,1,0,1,0,0,0,0,1,0,0,0,0,0,0,1,0,51.0
75,77,3.1,51,26,23,1999,4,12,21,8,4,25,17,41,72,1,0,1,0,0,0,0,0,1,0,0,0,0,0,1,1,201.0
76,69,3.2,207,139,35,0,3,44,21,12,0,0,29,96,161,1,0,1,1,0,1,1,0,0,0,0,0,0,0,1,1,1.0
77,159,4.0,146,188,129,1939,4,3,5,5,0,85,36,65,130,0,0,0,0,0,0,0,0,0,0,0,0,0,0,1,1,10000.0
78,2,4.4,276,85,139,2015,3,11,5,5,0,9,12,52,81,1,0,0,0,0,0,0,0,1,0,0,0,0,0,0,0,1.0
79,96,3.6,138,94,89,1927,4,55,21,7,0,97,11,139,220,1,0,1,0,0,0,0,1,0,1,0,0,0,0,1,1,10000.0
80,175,2.7,104,109,158,1978,10,40,21,13,0,46,21,50,102,0,0,0,0,0,0,0,1,0,0,0,0,0,0,1,1,501.0
81,83,3.9,298,37,148,2010,3,24,5,8,3,14,35,85,139,1,0,1,0,0,1,1,0,0,0,0,0,1,1,1,1,501.0
82,69,3.1,61,141,98,1860,3,35,9,0,3,164,29,74,122,1,0,0,0,1,0,0,0,0,0,0,0,0,0,1,1,1001.0
83,161,4.0,146,188,129,1939,4,3,5,5,0,85,36,99,157,0,0,1,1,0,1,0,0,0,0,0,0,0,1,1,1,10000.0
84,38,4.3,340,118,112,2011,3,11,5,5,0,13,2,79,222,1,1,0,1,1,1,1,1,0,0,0,0,0,1,1,0,201.0
85,165,1.9,128,30,28,2000,3,58,20,6,0,24,17,57,118,0,1,0,1,0,0,0,0,0,0,0,0,0,1,1,0,51.0
86,69,3.3,224,35,78,2017,3,23,12,0,0,7,35,83,137,1,0,0,0,0,0,1,1,0,0,0,0,1,0,1,1,1001.0
87,69,4.4,219,164,15,1995,3,24,5,2,3,29,2,86,141,1,1,0,0,0,0,0,1,0,0,0,0,0,0,1,0,10000.0
88,69,3.9,209,163,159,2016,3,21,4,1,0,8,2,94,154,1,0,1,0,0,0,0,0,0,0,0,0,0,0,1,1,51.0
89,112,4.7,342,76,77,1997,3,12,21,10,0,27,29,37,76,0,0,0,0,0,0,0,1,0,0,0,0,0,0,1,1,201.0
90,69,4.5,160,96,90,1942,7,23,12,0,3,82,18,100,160,1,0,0,0,0,0,0,1,0,0,0,0,1,0,1,0,5001.0
91,40,4.3,234,40,41,2008,3,3,5,6,3,16,11,55,100,0,0,1,0,0,0,0,1,0,0,0,0,0,0,1,0,51.0
92,51,4.0,114,10,7,2002,3,5,21,13,0,22,35,60,114,1,0,1,1,0,0,0,1,0,0,0,0,0,0,1,0,201.0
93,40,4.4,135,184,179,1948,3,55,21,8,0,76,36,39,68,0,0,0,0,0,0,0,1,0,0,0,0,0,0,1,1,501.0
94,252,3.2,330,142,17,1962,4,8,14,7,3,62,33,106,172,0,0,1,0,0,0,1,0,0,0,0,0,0,0,1,1,10000.0
95,69,3.8,174,164,169,2005,3,5,21,10,0,19,2,86,142,1,0,1,1,0,1,0,1,0,0,0,0,0,1,1,0,201.0
96,69,4.2,339,113,107,2008,3,11,5,8,0,16,7,64,107,1,1,1,0,0,1,1,1,0,0,0,0,0,0,1,0,501.0
97,60,4.5,197,84,37,1996,3,24,5,10,0,28,0,31,65,0,1,1,0,0,0,1,1,0,0,0,0,0,0,1,1,51.0
99,98,3.5,341,121,116,1999,3,11,5,5,0,25,15,34,62,0,0,1,0,0,0,0,1,0,0,0,0,0,0,1,1,51.0
101,246,3.5,201,163,159,1990,4,58,20,8,3,34,2,117,231,0,0,0,0,0,0,0,1,0,0,0,0,0,1,1,0,201.0
102,110,3.9,311,14,41,1968,4,15,2,0,0,56,8,64,106,1,0,1,0,0,1,0,0,0,1,0,0,0,0,1,0,5001.0
104,61,4.7,151,95,183,2003,3,24,5,6,0,21,18,79,134,0,0,0,0,0,0,0,0,0,0,0,0,0,0,1,0,51.0
105,42,4.2,265,135,8,1988,3,24,5,8,0,36,18,52,93,0,0,0,0,0,0,0,1,0,0,0,0,0,0,1,0,1001.0
106,175,3.4,133,181,60,1996,10,24,5,7,3,28,18,55,116,0,0,0,0,0,0,0,0,0,0,0,0,0,0,1,0,10000.0
107,69,3.2,177,111,14,1958,7,14,3,0,3,66,35,72,123,1,0,1,0,0,0,0,1,1,1,0,0,0,0,1,1,5001.0
108,69,3.9,298,61,148,2010,3,24,5,8,3,14,35,74,124,1,0,0,0,0,0,0,1,1,0,0,0,0,0,0,1,501.0
109,40,3.1,99,116,23,2001,3,27,6,9,3,23,37,40,73,0,0,1,0,0,0,0,1,0,0,0,0,0,0,1,1,1001.0
110,119,4.1,244,175,173,2007,3,24,5,5,0,17,18,102,164,1,0,0,0,0,0,0,0,0,0,0,0,1,0,1,1,1.0
112,69,3.8,3,122,118,2012,3,40,21,5,0,12,26,89,153,1,0,0,0,0,1,0,0,0,0,0,0,0,0,1,1,51.0
113,69,4.7,240,183,178,1992,3,41,21,5,3,32,26,61,110,1,1,1,0,0,0,0,0,0,0,0,0,0,0,1,0,501.0
116,87,4.3,313,83,118,2015,10,9,24,5,3,9,33,65,110,1,0,1,0,0,0,0,0,0,0,0,0,0,0,1,1,1001.0
117,195,4.2,131,190,186,1935,3,5,21,5,3,89,5,200,275,1,1,0,0,0,0,0,1,0,0,0,0,0,0,1,0,1001.0
118,51,3.9,57,36,151,1997,3,24,5,8,3,27,22,68,123,1,0,1,0,0,1,0,0,1,0,0,0,0,0,1,1,1001.0
119,195,3.3,18,177,54,1994,4,50,7,11,0,30,19,80,129,1,1,1,1,0,1,0,1,0,0,0,0,0,0,1,1,10000.0
120,102,4.7,67,110,140,2012,3,3,5,5,3,12,24,41,72,0,0,1,0,0,0,0,1,1,0,0,0,0,0,1,1,201.0
122,191,4.3,156,140,136,2010,3,11,5,10,0,14,1,39,71,0,0,1,0,1,0,0,1,0,1,0,0,0,0,0,0,201.0
123,165,2.9,47,129,126,1977,6,21,4,5,3,47,23,38,85,0,0,0,0,0,0,0,1,0,0,0,0,0,0,1,1,1001.0
124,69,4.5,98,163,159,2006,3,3,5,8,3,18,2,121,193,0,0,0,1,0,1,0,0,0,0,0,0,0,0,1,0,201.0
125,51,3.4,261,105,101,2019,3,28,5,5,2,5,24,54,102,1,0,1,0,0,0,0,0,0,0,0,0,0,0,1,1,201.0
126,69,3.7,290,30,125,1781,4,58,20,7,3,243,17,83,144,1,0,1,0,0,1,0,0,0,0,0,0,0,1,1,0,10000.0
127,69,4.6,4,122,118,2009,3,28,5,8,2,15,26,120,160,1,0,0,0,0,1,0,0,0,0,0,0,0,0,0,0,51.0
128,69,3.2,126,163,159,2015,3,11,5,5,0,9,2,102,163,0,0,0,0,0,1,0,1,0,0,0,0,0,0,1,0,51.0
129,51,4.0,31,163,163,1982,4,3,5,9,0,42,2,76,140,1,0,1,0,0,1,1,0,0,0,1,1,0,0,1,1,5001.0
130,0,4.6,36,15,9,1937,3,13,18,13,0,87,12,60,101,0,0,0,0,0,0,0,0,0,0,0,0,0,0,0,0,501.0
131,69,2.8,102,158,154,2000,3,21,4,5,0,24,18,82,133,1,0,0,0,0,0,0,0,0,0,0,0,0,1,1,0,201.0
132,51,4.7,210,117,110,1996,3,5,21,10,2,28,20,65,125,0,0,1,1,1,1,1,0,0,0,0,0,0,0,1,0,51.0
136,81,3.0,167,103,97,1997,7,21,4,5,3,27,2,91,148,1,1,1,0,0,1,0,0,1,1,0,0,0,0,1,1,1001.0
137,193,3.2,243,36,65,2000,3,12,21,0,3,24,22,95,173,0,0,1,1,0,1,0,0,0,0,0,0,0,0,1,0,1001.0
138,69,4.4,238,30,28,1999,3,11,5,5,0,25,17,77,124,1,0,1,0,0,0,0,1,1,0,0,0,0,0,1,0,201.0
139,69,3.5,302,41,42,1878,4,47,8,2,0,146,27,80,135,1,1,1,0,0,0,0,0,1,0,0,0,0,0,1,1,1001.0
140,51,4.0,321,190,186,2015,3,28,5,5,0,9,5,85,159,1,0,1,1,0,1,0,0,0,0,1,1,0,0,1,0,51.0
141,51,4.3,110,40,41,1993,4,38,13,9,3,31,11,80,105,1,0,1,0,1,1,1,1,0,0,0,0,0,0,1,1,1001.0
142,40,2.3,286,18,12,1986,3,40,21,8,0,38,18,43,81,0,0,1,0,0,0,0,1,0,0,0,0,0,0,1,1,501.0
143,156,4.0,16,1,50,2000,2,34,21,10,0,24,0,29,50,0,0,0,0,0,0,0,0,0,0,0,0,0,0,1,1,51.0
145,69,3.6,9,170,167,1966,3,25,7,8,0,58,16,82,133,0,0,0,0,0,0,0,1,1,0,0,0,0,1,1,0,1001.0
146,48,3.8,127,90,87,2017,3,44,21,5,0,7,21,26,55,1,0,1,1,1,0,0,1,1,0,0,0,0,0,1,1,501.0
147,210,3.7,328,13,67,1958,4,24,5,7,3,66,35,61,118,1,0,1,0,0,1,1,0,1,0,0,0,0,1,1,1,10000.0
148,69,4.4,182,40,41,2008,3,5,21,13,0,16,11,60,102,1,1,1,1,1,0,1,1,1,0,0,0,0,0,1,0,201.0
150,195,4.0,206,78,105,2012,3,11,5,8,3,12,35,112,182,1,0,0,1,0,0,0,0,0,0,0,0,1,0,1,0,501.0
152,69,3.2,123,64,66,1958,3,59,2,8,3,66,33,64,106,1,0,1,0,0,0,0,1,1,1,0,0,0,0,1,0,1001.0
153,16,2.9,227,187,188,1971,3,7,7,0,2,53,2,51,112,0,0,0,0,0,0,0,1,0,0,0,0,0,1,1,1,1001.0
154,179,3.8,41,125,163,1997,4,58,20,2,3,27,2,113,223,0,0,0,0,0,0,0,1,0,0,0,0,0,1,1,1,1001.0
156,123,4.3,278,16,10,2007,3,23,12,5,0,17,3,72,129,1,0,1,1,0,1,1,1,0,0,1,0,0,0,1,0,1.0
157,89,3.4,216,122,94,1943,3,5,21,8,3,81,26,71,123,1,1,1,0,0,1,1,1,1,0,0,0,0,0,1,0,1001.0
158,69,4.1,179,35,78,1968,4,40,21,0,0,56,35,64,106,0,0,1,0,0,0,1,0,0,0,0,0,0,0,1,0,5001.0
159,36,4.3,340,118,112,2011,3,11,5,5,0,13,2,118,189,1,0,0,1,1,1,1,1,0,0,0,0,0,0,1,1,201.0
161,51,5.0,142,185,148,2017,3,24,5,5,0,7,7,120,145,0,0,0,0,0,0,0,0,0,0,0,0,0,0,1,0,51.0
162,51,4.3,234,40,41,2008,3,3,5,6,3,16,11,80,120,0,0,1,0,1,1,0,1,0,0,0,0,0,0,0,1,51.0
164,241,3.7,113,53,52,2011,3,52,17,5,0,13,3,80,130,1,0,1,0,0,0,0,0,0,0,0,0,0,1,1,1,201.0
166,54,4.2,299,155,156,0,7,39,10,5,0,0,34,59,115,0,0,0,1,1,0,0,1,0,0,0,0,0,0,1,1,10000.0
167,41,4.3,184,163,159,2013,3,38,13,5,3,11,2,71,136,0,0,1,0,0,0,0,1,0,0,0,0,0,0,0,1,51.0
168,215,2.6,271,141,137,1984,1,2,24,5,0,40,29,81,167,1,0,0,0,0,0,0,1,0,1,1,1,1,1,1,0,501.0
169,74,3.8,217,154,150,1965,5,10,11,2,3,59,36,49,85,1,0,0,0,0,0,0,0,0,0,0,0,1,1,1,0,1001.0
170,51,3.9,6,190,169,2000,3,24,5,9,3,24,5,60,114,0,0,0,0,1,0,0,0,0,0,0,0,0,0,1,1,10000.0
171,37,4.3,340,40,112,2011,3,11,5,5,0,13,11,71,204,1,1,0,1,1,1,1,1,0,0,0,0,0,1,1,0,201.0
172,119,3.8,221,41,42,1987,3,12,21,8,3,37,27,75,125,1,1,1,0,0,0,0,1,0,0,0,0,0,0,1,0,201.0
174,137,3.8,44,38,39,1945,7,27,6,11,0,79,32,77,136,0,0,1,0,0,0,0,1,1,1,0,0,0,0,1,1,5001.0
175,202,3.8,217,154,150,1965,5,10,11,2,3,59,36,74,123,0,0,0,0,0,0,0,0,0,0,0,0,1,1,1,0,1001.0
177,191,4.8,164,42,43,2010,3,41,21,8,0,14,7,44,78,1,1,1,0,0,0,0,1,0,0,0,0,0,0,1,0,501.0
178,225,4.4,162,85,83,2008,3,5,21,5,0,16,12,65,148,1,0,1,1,1,1,0,0,0,0,0,0,0,0,1,1,51.0
179,51,3.9,79,30,28,2005,3,28,5,5,0,19,17,59,110,1,0,1,0,0,1,0,0,0,0,1,0,0,0,1,1,51.0
180,21,3.4,72,59,58,1846,4,7,7,9,0,178,24,85,134,1,1,0,0,0,0,0,1,1,0,0,0,0,0,1,1,1001.0
181,119,3.6,180,26,175,1851,3,27,6,7,0,173,17,124,204,1,1,1,1,0,1,1,0,0,0,0,0,0,0,1,0,5001.0
182,242,3.9,132,176,174,1976,10,58,20,7,0,48,2,131,207,1,0,1,0,0,1,1,1,0,0,0,0,0,1,1,0,10000.0
183,195,3.8,161,49,177,1996,4,49,15,9,0,28,2,110,174,1,0,0,1,0,1,0,1,0,0,0,0,0,1,1,0,5001.0
185,140,3.7,290,26,125,1781,4,58,20,7,3,243,17,52,101,0,0,0,0,0,0,0,1,0,0,0,0,0,1,1,0,10000.0
187,70,3.8,169,68,70,1981,3,27,6,2,0,43,18,81,133,1,1,1,0,0,0,0,1,1,0,0,0,0,0,1,0,501.0
188,251,3.5,332,164,160,1970,4,3,5,7,2,54,2,132,211,1,0,1,1,1,0,1,0,0,0,0,0,0,1,1,0,10000.0
190,198,3.9,147,50,112,2013,3,26,6,5,0,11,33,73,119,0,0,0,0,0,0,0,1,0,0,0,0,0,1,1,0,201.0
191,75,4.2,208,163,159,2010,3,11,5,5,0,14,2,110,175,0,0,1,0,0,0,0,0,0,0,0,0,0,0,1,1,51.0
192,55,4.2,299,155,156,0,7,39,10,5,0,0,34,74,140,0,0,0,0,0,0,0,1,0,0,0,0,0,0,1,1,10000.0
193,221,3.5,284,108,104,2010,3,58,20,0,3,14,17,100,190,1,0,0,0,0,0,0,1,0,0,0,0,0,1,1,0,1001.0
194,191,2.9,200,78,78,1993,7,2,24,10,3,31,35,43,80,1,0,1,0,0,0,0,1,1,0,0,0,0,0,1,1,201.0
197,133,3.6,308,193,144,2017,7,21,4,5,0,7,29,17,24,0,0,0,0,0,0,0,0,0,0,0,0,0,0,1,1,5001.0
198,172,2.7,277,106,102,1951,5,29,2,13,0,73,37,91,149,1,0,1,0,0,0,0,0,1,0,0,0,0,0,1,1,51.0
199,184,4.4,251,30,28,2013,4,58,20,8,0,11,17,42,82,0,0,0,0,0,0,0,0,0,0,0,0,0,1,1,0,201.0
200,195,4.0,31,163,163,1982,4,3,5,9,0,42,2,116,185,1,0,1,0,0,1,1,0,0,1,0,0,0,1,1,0,5001.0
201,3,4.3,212,52,54,1967,3,12,21,5,0,57,19,59,116,0,0,1,0,0,0,0,1,1,0,0,0,0,0,1,1,201.0
202,51,4.2,152,196,194,2006,4,12,21,10,2,18,7,48,95,1,0,1,1,0,1,1,1,0,0,1,0,0,0,1,0,51.0
203,91,3.6,327,166,163,2006,10,8,14,8,0,18,2,31,72,0,0,0,0,0,0,0,1,0,0,0,0,0,0,1,1,51.0
204,245,3.7,290,162,125,1781,4,58,20,7,3,243,2,105,198,0,1,0,0,0,0,0,1,0,0,0,0,0,1,1,1,10000.0
205,191,2.8,100,74,76,2014,3,24,5,5,0,10,24,55,100,1,0,1,0,0,0,0,1,1,0,0,0,0,0,1,1,201.0
206,147,3.7,290,26,125,1781,4,58,20,7,3,243,17,98,182,0,0,0,0,0,0,0,1,0,0,0,0,0,1,1,0,10000.0
207,195,3.3,230,198,23,1982,3,27,6,6,2,42,24,73,124,0,1,1,0,0,0,0,1,0,1,0,0,0,1,1,0,1001.0
208,144,3.7,52,163,71,2017,3,24,5,12,0,7,2,200,250,1,0,0,1,0,0,0,1,1,0,0,0,0,0,1,1,51.0
209,121,3.6,38,98,91,1935,7,21,4,8,0,89,6,21,34,0,0,0,0,0,0,0,0,0,0,0,0,0,0,1,0,1001.0
210,248,3.7,290,26,125,1781,4,58,20,7,3,243,17,117,206,0,0,0,0,0,0,0,0,0,0,0,0,0,0,1,0,10000.0
211,243,3.4,24,122,75,1948,4,27,6,0,0,76,26,111,183,1,0,1,1,0,1,1,0,0,0,0,0,0,0,1,0,1001.0
212,101,4.1,26,179,176,1961,3,10,11,0,0,63,21,44,78,0,0,1,0,0,0,0,1,0,0,0,0,0,0,1,1,501.0
213,126,2.6,271,141,137,1984,1,2,24,5,0,40,29,81,159,1,0,0,0,0,0,0,0,0,0,0,0,1,1,1,1,501.0
215,262,3.2,222,140,190,2008,4,31,2,2,3,16,1,83,166,1,0,1,0,0,0,0,1,0,0,0,0,0,0,1,1,1001.0
216,195,3.9,335,28,27,2009,3,15,2,13,0,15,2,114,182,1,1,0,0,0,0,0,0,0,0,0,0,0,1,1,0,51.0
217,164,4.7,91,84,7,1996,3,23,12,10,2,28,0,42,76,1,0,0,0,0,0,0,1,0,0,0,0,0,0,1,1,51.0
221,138,3.7,304,199,196,1852,4,27,6,11,0,172,17,114,179,1,1,1,0,0,0,0,1,0,1,0,0,0,1,1,0,5001.0
223,139,2.9,163,124,120,0,4,58,20,5,0,0,17,60,123,0,0,0,0,0,0,0,1,0,0,0,0,0,1,1,1,201.0
224,190,3.0,296,40,41,2015,3,58,20,5,0,9,11,100,166,1,0,1,1,0,0,0,0,0,0,1,0,0,1,1,0,501.0
225,143,4.7,242,160,156,2013,3,58,20,1,0,11,34,108,173,1,0,0,1,0,0,0,0,0,0,0,0,0,0,1,0,51.0
226,51,3.7,215,93,52,0,3,3,5,5,0,0,15,48,93,0,0,1,0,0,0,0,1,0,0,0,0,0,0,1,1,501.0
228,148,3.3,248,157,153,2014,6,21,4,2,0,10,26,54,115,0,0,0,0,0,0,0,0,0,0,0,0,0,1,0,0,10000.0
229,228,4.0,76,9,5,2002,3,3,5,12,0,22,18,60,127,0,0,0,0,0,0,0,1,0,0,0,0,0,0,1,1,51.0
230,189,4.4,251,30,28,2013,4,58,20,8,0,11,17,90,179,0,0,0,0,0,0,0,0,0,0,0,0,0,0,1,0,201.0
233,253,3.9,291,163,159,2007,3,28,5,6,2,17,2,138,224,1,0,1,0,0,1,0,0,0,0,0,0,0,0,1,0,201.0
234,149,3.3,248,157,153,2014,6,21,4,2,0,10,26,54,115,0,0,0,0,0,0,0,0,0,0,0,0,0,1,0,0,10000.0
235,117,4.1,87,118,112,2010,3,28,5,13,3,14,2,190,220,1,0,1,1,0,1,0,0,0,0,0,0,0,0,1,1,51.0
239,131,3.6,259,79,79,1986,3,18,19,8,0,38,2,35,62,0,0,1,0,0,0,0,1,1,1,0,0,0,0,1,1,1001.0
240,135,4.0,297,29,6,1977,6,21,4,13,0,47,33,18,25,0,0,0,1,0,0,0,0,0,0,0,0,0,0,1,0,1001.0
242,160,2.4,292,82,62,0,3,17,7,8,0,0,11,39,66,0,0,0,0,0,0,0,0,0,0,0,0,0,0,1,1,501.0
243,216,2.6,271,141,137,1984,1,2,24,5,0,40,29,81,167,0,0,0,0,0,0,0,0,0,0,0,0,1,1,1,1,501.0
245,4,3.5,66,171,168,1996,7,21,4,2,0,28,2,42,86,0,0,1,0,0,0,0,0,1,0,0,0,0,0,1,1,501.0
246,239,3.0,228,92,88,1958,3,19,14,7,3,66,32,69,127,1,0,1,0,0,0,0,0,0,0,0,0,0,0,1,0,10000.0
247,122,3.6,38,114,91,1935,7,21,4,8,0,89,6,21,34,0,0,0,0,0,0,0,0,0,0,0,0,0,0,1,0,1001.0
248,103,3.3,220,116,109,1964,3,17,7,5,0,60,37,40,68,0,0,0,0,0,0,0,0,0,0,0,0,0,0,1,1,501.0
250,256,2.7,12,158,154,1961,3,58,20,10,0,63,18,49,113,0,0,0,0,0,0,0,1,0,0,0,0,0,1,1,1,201.0
251,237,3.4,105,40,41,2005,4,51,16,9,3,19,11,75,140,0,0,1,0,0,0,0,0,0,0,0,0,0,0,1,0,1001.0
253,76,3.8,314,40,117,1995,3,32,16,5,0,29,11,86,139,1,1,1,1,0,0,0,1,0,0,0,0,0,1,1,1,501.0
254,69,3.7,173,78,18,1995,4,23,12,7,3,29,35,66,112,1,0,1,0,0,1,1,1,1,0,0,0,0,0,1,1,10000.0
255,217,4.8,10,174,171,1925,3,27,6,0,0,99,37,76,125,0,0,0,0,0,0,0,0,0,1,0,0,0,1,1,0,1001.0
256,25,3.8,121,122,118,2002,3,52,17,9,3,22,26,44,86,0,0,1,0,0,0,0,1,1,0,0,0,0,0,1,0,1001.0
257,136,3.4,325,121,186,1930,5,14,3,5,0,94,15,15,25,0,0,0,0,0,0,0,0,0,1,0,0,0,0,1,1,10000.0
258,69,4.3,86,50,47,1999,10,5,21,5,0,25,33,53,92,1,0,1,1,1,1,1,1,1,0,0,0,0,1,1,0,201.0
259,191,4.8,164,42,43,2010,3,41,21,8,0,14,7,44,78,1,1,1,0,0,0,0,1,0,0,0,0,0,0,1,0,501.0
260,21,3.4,72,59,58,1846,4,7,7,9,0,178,24,85,134,1,1,0,0,0,0,0,1,1,0,0,0,0,0,1,1,1001.0
262,51,3.9,79,30,28,2005,3,28,5,5,0,19,17,59,110,1,0,1,0,0,1,0,0,0,0,1,0,0,0,1,1,51.0
263,69,3.4,275,40,41,1992,3,12,21,6,0,32,11,64,111,0,1,1,0,0,0,0,0,0,1,0,0,0,0,1,1,51.0
264,40,3.1,196,165,170,1997,4,54,8,7,3,27,2,65,120,1,1,1,0,0,0,1,1,1,0,0,0,0,0,1,1,1001.0
265,9,3.2,177,111,14,1958,7,14,3,0,3,66,35,60,103,1,0,0,0,0,1,1,0,0,0,0,0,0,0,1,1,5001.0
266,26,4.3,97,51,49,1981,3,53,16,5,2,43,27,53,105,0,0,1,0,0,0,0,0,0,0,0,0,0,0,1,0,1001.0
267,119,3.6,180,26,175,1851,3,27,6,7,0,173,17,124,204,1,1,1,1,0,1,1,0,0,0,0,0,0,0,1,0,5001.0
268,242,3.9,132,176,174,1976,10,58,20,7,0,48,2,131,207,1,0,1,0,0,1,1,1,0,0,0,0,0,1,1,0,10000.0
269,195,3.8,161,49,177,1996,4,49,15,9,0,28,2,110,174,1,0,0,1,0,1,0,1,0,0,0,0,0,1,1,0,5001.0
270,40,2.8,80,134,161,0,7,42,10,13,0,0,2,33,62,0,0,0,0,0,0,0,1,0,0,0,0,0,0,1,0,501.0
273,140,3.7,290,26,125,1781,4,58,20,7,3,243,17,52,101,0,0,0,0,0,0,0,1,0,0,0,0,0,1,1,0,10000.0
274,40,3.4,315,163,159,2013,3,11,5,5,0,11,2,48,90,1,1,1,0,0,0,0,1,1,0,0,0,0,0,1,0,51.0
275,40,4.0,94,112,1,1984,3,3,5,13,0,40,10,34,64,1,0,1,0,0,0,0,1,1,0,0,0,0,0,0,0,201.0
276,251,3.5,332,164,160,1970,4,3,5,7,2,54,2,132,211,1,0,1,1,1,0,1,0,0,0,0,0,0,1,1,0,10000.0
277,70,3.8,169,68,70,1981,3,27,6,2,0,43,18,81,133,1,1,1,0,0,0,0,1,1,0,0,0,0,0,1,0,501.0
278,259,3.7,85,39,40,1996,3,11,5,5,0,28,24,42,76,0,0,0,0,0,0,0,1,0,0,0,0,0,0,1,1,201.0
281,69,3.5,317,85,7,2019,3,24,5,10,0,5,12,66,111,0,0,0,1,0,0,0,0,0,0,0,0,1,0,1,1,201.0
282,55,4.2,299,155,156,0,7,39,10,5,0,0,34,74,140,0,0,0,0,0,0,0,1,0,0,0,0,0,0,1,1,10000.0
284,90,4.0,226,30,118,1849,4,58,20,7,0,175,17,63,110,1,1,0,1,0,0,0,1,0,0,0,0,0,0,1,0,10000.0
285,69,4.3,252,104,131,1935,7,32,16,6,0,89,14,63,105,1,0,1,0,0,0,0,1,1,0,0,0,0,0,1,1,51.0
288,39,4.7,288,122,42,1992,3,5,21,13,0,32,26,91,138,1,1,1,0,0,0,0,1,1,1,0,0,0,0,1,1,201.0
289,221,3.5,284,108,104,2010,3,58,20,0,3,14,17,100,190,1,0,0,0,0,0,0,1,0,0,0,0,0,1,1,0,1001.0
290,51,4.4,112,119,159,2006,4,28,5,8,3,18,32,62,114,1,0,1,1,0,1,1,1,0,0,0,0,0,0,0,1,1001.0
291,23,4.1,68,40,41,2001,3,28,5,8,3,23,11,71,129,1,0,1,1,0,1,1,0,0,0,1,1,0,0,1,0,501.0
292,191,2.9,200,78,78,1993,7,2,24,10,3,31,35,43,80,1,0,1,0,0,0,0,1,1,0,0,0,0,0,1,1,201.0
293,69,2.5,337,145,148,1999,4,12,21,0,3,25,28,74,119,1,0,1,0,0,1,0,0,0,0,0,0,0,0,1,0,1001.0
295,258,4.2,282,117,41,1992,3,5,21,5,3,32,20,55,97,1,0,1,0,0,0,0,1,0,0,0,0,0,0,0,0,201.0
296,69,3.9,198,144,141,1966,3,40,21,8,0,58,26,15,16,0,1,0,0,0,0,0,1,0,0,0,0,0,0,1,0,1001.0
299,69,4.3,35,17,11,2010,3,12,21,5,0,14,33,61,106,1,0,1,0,0,0,0,1,0,0,0,0,0,0,1,0,1.0
300,172,2.7,277,106,102,1951,5,29,2,13,0,73,37,91,149,1,0,1,0,0,0,0,0,1,0,0,0,0,0,1,1,51.0
302,69,3.9,132,176,174,1976,10,58,20,7,0,48,2,127,199,0,1,1,0,0,0,0,1,0,1,0,0,0,1,1,0,10000.0
305,120,3.4,43,147,142,1939,7,27,6,5,1,85,30,74,126,0,0,1,1,0,0,0,0,0,1,0,0,0,0,1,1,501.0
306,165,3.8,46,129,126,1917,7,42,10,5,3,107,23,33,72,0,0,0,0,0,0,0,1,0,0,0,0,0,0,1,1,1001.0
307,133,3.6,308,193,144,2017,7,21,4,5,0,7,29,17,24,0,0,0,0,0,0,0,0,0,0,0,0,0,0,1,1,5001.0
308,114,3.3,303,190,186,1883,7,21,4,5,0,141,5,37,63,0,0,1,0,0,0,0,1,1,0,0,0,0,0,1,1,501.0
309,173,3.4,233,17,3,2006,3,5,21,13,0,18,33,67,119,1,0,1,1,1,0,1,0,1,0,0,0,0,0,1,0,201.0
310,69,3.0,19,41,92,1887,3,26,6,9,0,137,27,72,117,1,0,1,0,0,0,0,0,0,1,0,0,0,0,1,1,1001.0
311,195,4.0,31,163,163,1982,4,3,5,9,0,42,2,116,185,1,0,1,0,0,1,1,0,0,1,0,0,0,1,1,0,5001.0
312,69,3.7,136,149,151,2004,4,27,6,11,3,20,22,78,126,1,0,1,1,1,1,1,1,1,1,0,0,0,0,1,0,1001.0
313,184,4.4,251,30,28,2013,4,58,20,8,0,11,17,42,82,0,0,0,0,0,0,0,0,0,0,0,0,0,1,1,0,201.0
314,3,4.3,212,52,54,1967,3,12,21,5,0,57,19,59,116,0,0,1,0,0,0,0,1,1,0,0,0,0,0,1,1,201.0
316,29,4.0,226,73,118,1849,4,58,20,7,0,175,4,63,105,0,0,0,1,0,0,0,1,0,0,0,0,0,0,1,1,10000.0
317,69,4.0,206,78,105,2012,3,11,5,8,3,12,35,109,177,1,0,0,1,0,0,0,0,0,0,0,0,1,0,1,0,501.0
318,244,3.2,207,138,35,0,3,44,21,12,0,0,29,116,194,1,0,0,1,0,1,1,1,0,0,0,0,0,0,1,0,1.0
319,51,4.2,152,196,194,2006,4,12,21,10,2,18,7,48,95,1,0,1,1,0,1,1,1,0,0,1,0,0,0,1,0,51.0
320,69,3.9,309,127,164,2000,3,27,6,6,0,24,2,83,133,1,0,1,0,0,1,0,0,0,1,0,0,0,0,1,1,51.0
322,245,3.7,290,162,125,1781,4,58,20,7,3,243,2,105,198,0,1,0,0,0,0,0,1,0,0,0,0,0,1,1,1,10000.0
323,91,3.6,327,166,163,2006,10,8,14,8,0,18,2,31,72,0,0,0,0,0,0,0,1,0,0,0,0,0,0,1,1,51.0
324,147,3.7,290,26,125,1781,4,58,20,7,3,243,17,98,182,0,0,0,0,0,0,0,1,0,0,0,0,0,1,1,0,10000.0
325,191,2.8,100,74,76,2014,3,24,5,5,0,10,24,55,100,1,0,1,0,0,0,0,1,1,0,0,0,0,0,1,1,201.0
326,111,4.2,78,25,22,2004,3,29,2,13,0,20,10,45,82,0,0,1,0,0,0,0,1,0,0,0,0,0,0,0,1,501.0
328,69,4.0,295,163,139,0,3,24,5,3,0,0,2,83,135,1,0,1,0,0,0,0,0,1,0,0,0,0,0,1,0,1.0
330,69,3.5,34,126,100,1850,4,23,12,2,0,174,32,70,122,1,1,0,0,0,0,0,0,0,0,0,0,1,0,1,1,5001.0
331,144,3.7,52,163,71,2017,3,24,5,12,0,7,2,200,250,1,0,0,1,0,0,0,1,1,0,0,0,0,0,1,1,51.0
332,51,3.2,222,0,190,2008,4,31,2,2,3,16,2,70,132,1,0,1,1,0,0,0,1,1,0,0,0,0,0,1,0,1001.0
333,195,3.3,230,198,23,1982,3,27,6,6,2,42,24,73,124,0,1,1,0,0,0,0,1,0,1,0,0,0,1,1,0,1001.0
334,57,3.9,324,136,133,1948,3,25,7,0,3,76,9,54,101,0,0,1,0,1,0,1,1,0,0,0,0,0,0,1,1,1001.0
335,248,3.7,290,26,125,1781,4,58,20,7,3,243,17,117,206,0,0,0,0,0,0,0,0,0,0,0,0,0,0,1,0,10000.0
337,121,3.6,38,98,91,1935,7,21,4,8,0,89,6,21,34,0,0,0,0,0,0,0,0,0,0,0,0,0,0,1,0,1001.0
339,243,3.4,24,122,75,1948,4,27,6,0,0,76,26,111,183,1,0,1,1,0,1,1,0,0,0,0,0,0,0,1,0,1001.0
341,69,3.5,166,167,113,1997,4,24,5,5,3,27,2,68,112,1,1,1,0,0,0,0,1,1,0,0,0,0,0,0,0,10000.0
342,109,4.3,211,150,181,1902,4,56,2,11,0,122,24,42,74,0,0,1,1,0,0,0,0,0,1,0,0,0,0,1,1,501.0
344,101,4.1,26,179,176,1961,3,10,11,0,0,63,21,44,78,0,0,1,0,0,0,0,1,0,0,0,0,0,0,1,1,501.0
346,126,2.6,271,141,137,1984,1,2,24,5,0,40,29,81,159,1,0,0,0,0,0,0,0,0,0,0,0,1,1,1,1,501.0
347,69,3.6,273,122,118,1744,4,45,14,2,0,280,26,95,161,1,0,0,0,0,0,0,0,0,0,0,0,0,0,1,0,1001.0
348,69,3.5,124,80,160,1952,3,56,2,8,0,72,28,75,124,1,0,1,1,0,1,0,1,1,0,1,1,0,0,1,0,1001.0
349,69,3.6,20,55,54,1997,3,38,13,2,0,27,19,72,120,1,0,1,0,0,0,0,0,0,1,0,0,0,0,1,0,1001.0
350,69,2.3,323,190,186,2003,4,58,20,8,0,21,5,76,126,1,0,1,0,0,0,0,1,1,1,0,0,0,1,1,0,201.0
351,195,3.9,335,28,27,2009,3,15,2,13,0,15,2,114,182,1,1,0,0,0,0,0,0,0,0,0,0,0,1,1,0,51.0
352,88,4.0,206,61,105,2012,3,11,5,8,3,12,35,108,176,1,0,1,1,0,0,0,0,0,0,0,0,0,0,1,0,501.0
353,195,4.1,55,133,129,2007,3,30,24,5,0,17,2,130,208,0,0,1,1,0,0,0,1,1,1,0,0,0,0,1,1,1.0
354,262,3.2,222,140,190,2008,4,31,2,2,3,16,1,83,166,1,0,1,0,0,0,0,1,0,0,0,0,0,0,1,1,1001.0
355,164,4.7,91,84,7,1996,3,23,12,10,2,28,0,42,76,1,0,0,0,0,0,0,1,0,0,0,0,0,0,1,1,51.0
356,27,4.2,213,162,185,1987,3,5,21,6,0,37,2,37,68,1,1,1,0,0,0,0,0,0,0,0,0,0,0,1,1,51.0
357,51,4.6,21,83,148,1982,3,24,5,13,0,42,33,52,99,0,0,1,0,1,1,1,0,1,1,0,0,0,0,1,1,501.0
358,195,3.7,285,11,197,1863,4,26,6,7,3,161,26,105,173,1,0,1,0,0,0,0,1,0,0,0,0,0,1,1,0,10000.0
362,58,3.7,290,30,125,1781,4,58,20,7,3,243,17,71,134,1,0,1,1,0,1,1,1,1,0,0,0,0,0,1,1,10000.0
364,254,4.4,329,45,38,1929,3,34,21,10,3,95,31,39,82,0,0,0,0,0,0,0,0,0,0,0,0,0,0,0,1,201.0
366,138,3.7,304,199,196,1852,4,27,6,11,0,172,17,114,179,1,1,1,0,0,0,0,1,0,1,0,0,0,1,1,0,5001.0
367,19,3.9,132,176,174,1976,10,58,20,7,0,48,2,88,162,0,0,0,0,0,0,0,1,0,0,0,0,0,0,1,0,10000.0
368,236,3.6,180,178,175,1851,3,27,6,7,0,173,17,60,102,1,0,1,0,0,0,0,0,1,0,0,0,0,0,1,1,5001.0
369,190,3.0,296,40,41,2015,3,58,20,5,0,9,11,100,166,1,0,1,1,0,0,0,0,0,0,1,0,0,1,1,0,501.0
370,155,3.4,133,190,60,1996,10,24,5,7,3,28,5,55,99,0,0,1,0,0,0,0,1,1,0,0,0,0,0,1,0,10000.0
371,51,4.1,179,78,78,1968,4,40,21,0,0,56,35,67,117,0,0,1,0,0,0,1,0,0,0,0,0,0,0,1,1,5001.0
372,204,3.8,205,30,13,1996,4,58,20,7,0,28,17,92,150,0,0,0,0,0,0,0,0,0,0,0,0,0,0,1,0,10000.0
375,141,4.0,31,163,163,1982,4,3,5,9,0,42,2,116,209,1,0,1,0,0,1,0,1,0,0,0,0,0,0,1,1,5001.0
376,163,3.9,274,161,157,1947,7,40,21,2,3,77,33,38,82,0,0,0,0,0,0,0,0,0,0,0,0,0,0,1,1,1001.0
377,64,3.7,195,163,159,0,7,0,0,5,0,0,2,85,90,1,1,1,0,0,0,0,1,1,0,0,0,0,0,1,1,201.0
379,22,4.4,276,85,139,2015,3,11,5,5,0,9,12,62,119,1,0,0,0,0,1,1,0,0,0,1,1,0,0,1,1,1.0
380,80,3.8,205,30,13,1996,4,58,20,7,0,28,17,86,143,1,0,0,0,0,0,0,0,0,0,0,0,0,0,1,0,10000.0
381,69,3.8,161,182,177,1996,4,49,15,9,0,28,2,93,149,1,0,1,0,0,1,0,1,0,0,0,0,0,0,1,1,5001.0
382,195,2.2,305,50,52,1993,10,12,21,13,3,31,33,84,136,0,0,0,0,0,0,0,0,1,0,0,0,0,0,1,1,501.0
383,139,2.9,163,124,120,0,4,58,20,5,0,0,17,60,123,0,0,0,0,0,0,0,1,0,0,0,0,0,1,1,1,201.0
384,28,4.1,179,146,78,1968,4,40,21,0,0,56,35,52,89,0,0,0,0,0,0,0,0,0,0,0,0,0,0,1,1,5001.0
386,51,3.7,215,93,52,0,3,3,5,5,0,0,15,48,93,0,0,1,0,0,0,0,1,0,0,0,0,0,0,1,1,501.0
387,33,3.8,217,154,150,1965,5,10,11,2,3,59,36,56,97,1,0,0,0,0,0,0,0,0,0,0,0,1,1,1,1,1001.0
388,51,3.6,180,178,175,1851,3,27,6,7,0,173,17,65,119,1,0,0,0,0,1,0,1,0,0,0,0,0,0,1,1,5001.0
390,143,4.7,242,160,156,2013,3,58,20,1,0,11,34,108,173,1,0,0,1,0,0,0,0,0,0,0,0,0,0,1,0,51.0
391,151,3.5,111,10,145,1969,3,3,5,0,1,55,35,63,101,1,0,1,0,0,0,0,0,0,0,0,0,0,0,1,1,1001.0
392,148,3.3,248,157,153,2014,6,21,4,2,0,10,26,54,115,0,0,0,0,0,0,0,0,0,0,0,0,0,1,0,0,10000.0
394,189,4.4,251,30,28,2013,4,58,20,8,0,11,17,90,179,0,0,0,0,0,0,0,0,0,0,0,0,0,0,1,0,201.0
396,69,3.3,257,163,159,2008,3,12,21,5,0,16,2,127,202,0,0,0,0,0,0,0,0,0,0,0,0,0,0,1,0,201.0
397,130,3.4,254,192,189,1991,4,48,15,13,0,33,7,31,57,0,0,0,0,0,0,0,0,0,0,0,0,0,0,1,0,201.0
398,228,4.0,76,9,5,2002,3,3,5,12,0,22,18,60,127,0,0,0,0,0,0,0,1,0,0,0,0,0,0,1,1,51.0
399,51,4.4,276,78,139,2015,3,11,5,5,0,9,35,75,143,1,0,0,0,0,1,1,0,0,0,0,0,0,0,1,0,1.0
400,250,3.8,283,17,146,2010,3,3,5,5,3,14,33,105,194,0,0,0,1,0,1,0,0,0,0,0,0,0,1,1,0,501.0
401,8,3.5,103,190,186,2007,3,40,21,5,0,17,5,45,86,0,0,1,1,0,1,0,1,0,0,0,0,0,0,1,1,1001.0
403,195,3.5,49,36,38,2017,4,27,6,5,0,7,22,95,154,1,1,0,0,0,1,0,1,0,0,0,0,0,0,1,1,1001.0
406,249,2.9,13,164,118,1998,3,12,21,5,3,26,2,80,148,1,0,1,0,0,1,0,0,1,0,0,0,0,0,1,1,51.0
407,131,3.9,73,60,59,1937,7,56,2,5,3,87,29,36,62,1,0,1,0,0,0,0,0,1,0,0,0,0,0,1,1,501.0
409,149,3.3,248,157,153,2014,6,21,4,2,0,10,26,54,115,0,0,0,0,0,0,0,0,0,0,0,0,0,1,0,0,10000.0
410,40,3.7,53,4,3,1989,3,24,5,8,3,35,35,50,92,0,0,1,0,0,0,0,1,1,0,0,0,0,0,0,1,501.0
411,92,3.6,180,26,175,1851,3,27,6,7,0,173,17,67,135,0,0,0,0,0,0,0,0,0,0,0,0,0,0,1,1,5001.0
412,69,3.5,111,151,145,1969,3,3,5,0,1,55,2,82,132,1,0,0,1,1,1,1,0,1,0,1,1,0,1,1,1,1001.0
413,69,4.7,203,86,84,1974,3,58,20,5,3,50,17,85,140,1,0,0,0,0,0,0,1,0,0,0,1,0,0,0,1,201.0
414,253,3.9,291,163,159,2007,3,28,5,6,2,17,2,138,224,1,0,1,0,0,1,0,0,0,0,0,0,0,0,1,0,201.0
415,109,3.7,193,40,41,1928,4,3,5,11,3,96,11,42,80,1,0,1,0,0,1,1,0,0,0,0,0,0,0,1,1,10000.0
416,117,4.1,87,118,112,2010,3,28,5,13,3,14,2,190,220,1,0,1,1,0,1,0,0,0,0,0,0,0,0,1,1,51.0
417,181,3.1,246,132,193,1875,3,7,7,7,0,149,14,68,139,0,0,0,0,0,0,0,0,0,0,0,0,0,0,1,1,5001.0
419,49,3.6,180,178,175,1851,3,27,6,7,0,173,17,34,92,0,0,0,0,0,0,0,1,0,0,0,0,0,0,1,0,5001.0
420,34,3.0,155,77,16,1981,4,24,5,7,3,43,4,54,71,0,0,0,0,0,0,0,1,0,0,0,0,0,0,1,1,10000.0
421,51,3.5,15,130,127,2013,3,21,4,5,0,11,2,65,124,1,0,1,1,1,1,1,1,0,0,0,0,0,0,1,1,501.0
425,131,3.6,259,79,79,1986,3,18,19,8,0,38,2,35,62,0,0,1,0,0,0,0,1,1,1,0,0,0,0,1,1,1001.0
426,219,3.5,284,108,104,2010,3,58,20,0,3,14,17,109,200,1,0,0,0,0,0,0,1,0,0,0,0,0,1,1,0,1001.0
427,135,4.0,297,29,6,1977,6,21,4,13,0,47,33,18,25,0,0,0,1,0,0,0,0,0,0,0,0,0,0,1,0,1001.0
428,125,3.7,64,97,41,1973,4,46,2,2,0,51,13,61,113,1,0,1,0,0,0,1,1,0,0,0,0,0,0,1,1,501.0
429,160,2.4,292,82,62,0,3,17,7,8,0,0,11,39,66,0,0,0,0,0,0,0,0,0,0,0,0,0,0,1,1,501.0
430,51,3.2,143,122,118,2003,3,40,21,5,3,21,26,43,86,1,0,1,1,1,0,0,1,0,0,0,0,0,0,1,1,501.0
431,185,2.1,69,46,45,0,4,58,20,10,0,0,2,74,149,0,0,0,0,0,0,0,1,0,0,0,0,0,0,1,1,201.0
433,10,3.7,290,30,125,1781,4,58,20,7,3,243,17,113,196,0,0,1,1,0,1,1,1,0,0,1,0,0,1,1,1,10000.0
434,216,2.6,271,141,137,1984,1,2,24,5,0,40,29,81,167,0,0,0,0,0,0,0,0,0,0,0,0,1,1,1,1,501.0
435,195,4.4,182,40,41,2008,3,5,21,13,0,16,11,97,160,1,1,1,1,1,0,1,1,1,0,0,0,0,0,1,0,201.0
437,30,3.7,322,186,182,1966,6,21,4,8,0,58,3,24,39,0,0,0,0,0,0,0,0,0,0,0,0,0,0,1,0,501.0
442,4,3.5,66,171,168,1996,7,21,4,2,0,28,2,42,86,0,0,1,0,0,0,0,0,1,0,0,0,0,0,1,1,501.0
443,239,3.0,228,92,88,1958,3,19,14,7,3,66,32,69,127,1,0,1,0,0,0,0,0,0,0,0,0,0,0,1,0,10000.0
444,72,4.2,208,163,159,2010,3,11,5,5,0,14,2,110,175,0,0,0,0,0,0,0,0,0,0,0,0,0,1,1,0,51.0
446,197,3.9,28,122,29,1913,4,58,20,7,3,111,26,102,172,1,1,0,0,0,0,0,0,0,0,0,0,0,1,1,0,10000.0
447,51,4.0,229,53,52,1915,7,27,6,2,0,109,3,74,124,1,0,1,1,0,0,0,0,0,0,1,1,0,0,1,1,501.0
448,103,3.3,220,116,109,1964,3,17,7,5,0,60,37,40,68,0,0,0,0,0,0,0,0,0,0,0,0,0,0,1,1,501.0
449,195,4.4,181,120,115,1984,3,3,5,0,0,40,17,108,171,1,0,1,0,0,0,0,0,1,0,0,0,0,0,1,1,1001.0
450,51,3.4,188,158,148,1999,3,24,5,10,0,25,18,76,142,0,0,0,1,0,0,0,0,0,0,0,0,0,0,1,1,201.0
452,94,3.3,171,40,23,1912,3,27,6,7,3,112,11,202,306,1,0,0,0,0,0,0,0,0,1,0,0,0,0,1,0,10000.0
454,187,2.9,29,176,159,2012,10,58,20,5,3,12,2,49,97,0,0,0,0,0,0,0,0,0,0,0,0,0,1,1,0,201.0
455,256,2.7,12,158,154,1961,3,58,20,10,0,63,18,49,113,0,0,0,0,0,0,0,1,0,0,0,0,0,1,1,1,201.0
456,122,3.6,38,114,91,1935,7,21,4,8,0,89,6,21,34,0,0,0,0,0,0,0,0,0,0,0,0,0,0,1,0,1001.0
458,176,3.1,246,195,193,1875,3,7,7,7,0,149,22,65,134,0,0,0,0,0,0,0,1,0,0,0,0,0,0,1,1,5001.0
459,7,3.3,199,153,149,1989,3,27,6,2,0,35,27,32,59,0,0,0,0,0,0,0,0,0,0,0,0,0,0,1,1,501.0
461,237,4.5,192,85,83,1996,3,5,21,10,0,28,12,87,158,1,0,1,1,1,1,1,0,0,0,1,1,0,0,1,1,51.0
462,208,3.9,311,40,41,1968,4,15,2,0,0,56,11,107,173,1,1,1,0,0,0,0,1,0,1,0,0,0,0,1,0,5001.0
463,194,3.2,177,75,14,1958,7,14,3,0,3,66,35,56,99,0,0,0,0,0,0,0,0,0,0,0,0,0,1,1,1,5001.0
464,99,3.3,185,30,28,1976,3,4,22,5,0,48,17,25,28,0,0,0,0,0,0,0,1,0,0,0,0,0,0,0,1,1.0
466,222,3.1,246,195,193,1875,3,7,7,7,0,149,22,80,155,0,0,0,0,0,0,0,1,0,0,0,0,0,0,1,0,5001.0
467,177,2.4,89,162,158,2006,3,58,20,13,0,18,2,43,98,0,0,0,0,0,0,0,0,0,0,0,0,0,1,1,0,501.0
468,171,4.8,145,163,159,2011,3,3,5,10,0,13,2,45,78,0,0,1,0,0,0,0,1,1,0,0,0,0,0,1,0,51.0
469,18,2.9,235,88,111,2015,3,58,20,5,0,9,26,44,96,0,0,0,0,0,0,0,1,0,0,0,0,0,0,1,1,1001.0
470,247,2.9,235,107,111,2015,3,58,20,5,0,9,8,50,110,0,0,0,0,0,0,0,1,0,0,0,0,0,0,1,1,1001.0
471,107,3.4,23,148,143,1988,3,27,6,8,0,36,17,61,119,0,0,1,0,0,1,1,1,0,0,0,0,0,0,1,1,1001.0
472,169,3.7,165,30,162,0,3,0,0,5,0,0,17,100,140,0,0,0,0,0,0,0,1,0,0,0,0,0,1,1,0,501.0
473,157,2.6,271,141,137,1984,1,2,24,5,0,40,29,56,91,0,0,0,0,0,0,0,1,0,0,0,0,0,1,0,0,501.0
476,69,3.8,336,62,63,1984,10,12,21,5,0,40,7,68,114,1,0,1,0,0,0,1,1,1,0,0,0,0,0,1,0,501.0
477,69,5.0,32,190,3,0,3,11,5,5,0,0,5,150,160,0,0,0,1,0,0,0,1,0,0,0,0,0,0,1,1,501.0
479,100,3.6,180,26,175,1851,3,27,6,7,0,173,17,101,158,1,0,1,1,0,1,1,1,1,0,0,0,0,0,1,1,5001.0
482,211,4.0,226,122,118,1849,4,58,20,7,0,175,26,125,210,0,0,0,1,0,0,0,1,0,0,0,0,0,0,1,0,10000.0
483,35,3.8,25,72,74,1870,4,56,2,0,3,154,37,43,77,0,0,0,1,0,0,0,1,0,0,0,0,0,0,1,1,1001.0
485,119,3.9,335,28,27,2009,3,15,2,13,0,15,2,139,221,1,1,1,0,0,0,0,1,0,0,0,0,0,1,1,0,51.0
486,132,3.8,121,122,118,2002,3,52,17,9,3,22,26,44,86,0,0,1,0,0,0,0,1,0,1,0,0,0,0,1,0,1001.0
487,193,4.3,134,57,48,1990,3,3,5,0,3,34,22,78,147,1,0,0,1,0,1,1,0,0,0,0,0,0,0,1,0,5001.0
488,191,1.9,190,122,118,2010,3,8,14,8,3,14,26,65,110,1,1,1,0,0,0,0,1,0,1,0,0,0,0,1,1,201.0
489,63,3.3,171,85,23,1912,3,27,6,7,3,112,12,37,66,1,0,1,0,0,0,0,1,0,0,0,0,0,0,1,1,10000.0
490,12,4.7,236,43,184,1972,3,34,21,6,0,52,2,38,64,0,0,0,0,0,0,0,1,0,0,0,0,0,0,1,1,51.0
491,20,3.1,260,26,103,1856,3,56,2,7,0,168,17,43,82,1,1,1,0,0,0,0,1,0,1,0,0,0,0,1,1,10000.0
492,232,3.4,306,34,69,1981,4,21,4,5,0,43,1,90,110,0,0,1,0,0,0,1,0,0,1,0,0,0,0,1,1,501.0
493,51,4.4,33,35,186,2004,3,24,5,5,0,20,35,61,109,1,0,0,1,1,1,1,0,0,1,0,0,0,0,1,0,51.0
494,209,3.9,176,131,128,2012,3,3,5,5,0,12,7,93,151,1,0,0,1,0,0,0,0,0,0,0,0,0,0,1,1,201.0
495,174,3.9,107,40,86,1995,3,11,5,8,0,29,11,52,81,1,0,1,0,0,0,0,0,1,1,0,0,0,0,1,0,501.0
496,261,4.7,326,44,44,2002,3,31,2,5,0,22,21,40,101,0,0,1,0,0,1,1,1,1,0,0,0,0,0,1,0,1001.0
497,193,4.7,232,17,11,2010,3,41,21,6,0,14,33,97,180,1,0,1,0,0,1,0,0,0,0,1,0,0,0,1,1,51.0
498,129,3.4,216,26,94,1943,3,5,21,8,3,81,17,81,134,0,1,1,0,0,1,1,1,1,0,0,0,0,0,1,0,1001.0
499,188,3.8,14,30,28,2008,4,58,20,13,0,16,17,84,157,0,1,0,0,0,0,0,0,0,1,0,0,0,1,1,0,501.0
500,255,2.7,12,158,154,1961,3,58,20,10,0,63,18,49,113,0,0,0,0,0,0,0,0,0,0,0,0,0,0,0,0,201.0
501,182,3.1,246,132,193,1875,3,7,7,7,0,149,14,68,139,0,0,0,0,0,0,0,0,0,0,0,0,0,0,1,1,5001.0
502,237,3.4,105,40,41,2005,4,51,16,9,3,19,11,75,140,0,0,1,0,0,0,0,0,0,0,0,0,0,0,1,0,1001.0
505,115,4.0,137,163,108,2007,3,28,5,5,2,17,2,121,203,1,0,0,1,0,1,1,1,0,0,0,0,0,0,1,1,1001.0
506,152,3.5,111,151,145,1969,3,3,5,0,1,55,2,52,85,1,1,0,0,0,1,0,1,0,0,0,0,0,0,1,0,1001.0
507,235,3.4,27,194,118,1978,4,27,6,11,3,46,27,81,140,0,0,1,0,0,0,0,1,0,0,0,0,0,0,1,1,10000.0
508,32,3.7,62,137,51,1925,4,25,7,7,3,99,11,63,99,0,1,0,0,0,0,0,0,1,0,0,0,0,0,1,0,10000.0
509,195,4.3,110,40,41,1993,4,38,13,9,3,31,11,110,150,1,0,1,0,0,1,1,1,1,0,0,0,0,1,1,0,1001.0
510,238,3.7,117,54,53,0,10,27,6,8,0,0,9,83,148,1,0,1,0,0,0,0,1,1,0,0,0,0,0,1,1,201.0
512,200,3.8,217,154,150,1965,5,10,11,2,3,59,36,60,101,0,0,0,0,0,0,0,0,0,0,0,0,1,1,1,1,1001.0
516,1,4.6,140,33,33,1992,3,31,2,8,0,32,9,31,55,0,0,1,0,0,0,0,1,1,0,0,0,0,0,1,1,501.0
517,11,4.4,8,30,28,2003,4,58,20,5,0,21,17,102,178,0,0,0,0,0,0,0,1,0,0,0,0,0,1,1,0,201.0
518,224,3.7,165,30,162,0,3,0,0,5,0,0,17,110,130,0,0,0,0,0,0,0,0,0,0,0,0,0,1,1,1,501.0
519,46,3.0,17,139,135,1983,3,27,6,11,3,41,29,48,85,0,0,1,0,0,0,0,1,1,1,0,0,0,0,1,1,5001.0
520,118,4.7,279,163,97,2006,3,44,21,1,0,18,2,66,123,1,0,0,1,0,0,0,0,0,0,0,0,0,0,1,0,51.0
521,199,3.8,217,173,150,1965,5,10,11,2,3,59,36,92,146,0,0,0,0,0,0,0,0,0,0,0,0,1,1,1,1,1001.0
522,134,3.2,63,129,57,1996,7,21,4,7,2,28,23,21,29,0,0,0,0,0,0,0,0,0,0,0,0,0,0,0,1,10000.0
523,212,2.7,118,119,132,2000,4,16,2,9,0,24,32,10,17,0,0,0,0,0,0,0,1,1,0,0,0,0,0,1,1,5001.0
524,95,3.3,171,40,23,1912,3,27,6,7,3,112,11,150,239,1,1,0,0,0,0,0,0,0,1,0,0,0,1,1,0,10000.0
525,162,3.9,274,161,157,1947,7,40,21,2,3,77,33,52,91,1,0,1,1,1,0,0,1,0,0,1,1,0,0,1,1,1001.0
526,105,3.7,22,17,11,0,1,2,24,5,0,0,33,82,129,1,1,0,1,0,0,0,0,0,0,0,0,0,0,1,1,501.0
528,223,3.1,246,195,193,1875,3,7,7,7,0,149,22,47,101,0,0,0,0,0,0,0,1,0,0,0,0,0,1,1,0,5001.0
530,260,3.7,241,84,185,1922,4,23,12,7,0,102,0,49,76,0,0,0,0,0,0,0,1,0,0,0,0,1,0,1,1,10000.0
532,214,4.3,239,57,147,1958,7,40,21,2,3,66,22,43,88,0,0,0,0,0,0,0,0,0,1,0,0,0,0,1,0,1001.0
533,93,3.6,289,63,64,1989,3,12,21,5,0,35,24,124,199,1,0,1,1,0,0,0,1,1,0,0,0,0,0,0,1,1001.0
534,231,2.1,319,24,21,2003,8,58,20,8,2,21,29,52,93,0,1,1,0,0,0,0,1,1,0,0,0,0,0,1,1,1001.0
535,193,3.9,122,163,159,2008,4,3,5,6,0,16,2,97,181,1,0,0,1,0,0,0,1,0,0,1,0,0,0,1,0,51.0
537,193,3.9,291,163,159,2007,3,28,5,6,2,17,2,100,173,0,0,1,0,0,0,0,0,0,0,0,0,0,0,1,0,201.0
538,13,3.8,121,122,118,2002,3,52,17,9,3,22,26,53,96,1,0,0,0,0,1,0,0,0,0,0,0,0,0,1,1,1001.0
539,220,3.1,246,195,193,1875,3,7,7,7,0,149,22,65,96,0,0,0,0,0,0,0,1,0,1,0,0,0,1,1,0,5001.0
540,69,3.5,262,3,73,1870,4,58,20,0,0,154,25,56,95,1,0,0,0,0,0,0,1,0,0,0,0,0,0,1,1,5001.0
541,69,4.7,1,159,155,2016,3,24,5,5,2,8,21,111,176,1,1,1,0,0,1,0,0,0,0,0,0,0,0,1,1,51.0
542,69,5.0,250,180,7,2014,3,23,12,6,0,10,35,75,127,1,0,1,0,0,0,0,0,0,1,0,0,1,0,1,0,51.0
543,51,3.6,180,178,175,1851,3,27,6,7,0,173,17,65,119,1,0,0,0,0,1,0,1,0,0,0,0,0,0,1,1,5001.0
544,33,3.8,217,154,150,1965,5,10,11,2,3,59,36,56,97,1,0,0,0,0,0,0,0,0,0,0,0,1,1,1,1,1001.0
545,143,4.7,242,160,156,2013,3,58,20,1,0,11,34,108,173,1,0,0,1,0,0,0,0,0,0,0,0,0,0,1,0,51.0
546,69,3.6,74,89,118,1812,4,29,2,7,0,212,24,94,139,0,0,1,0,0,0,0,1,0,0,0,0,0,0,1,0,10000.0
548,145,4.7,256,163,160,1999,10,3,5,5,0,25,2,176,289,1,0,1,0,0,0,0,0,0,0,0,0,0,1,1,1,501.0
549,69,3.5,264,163,159,2016,3,11,5,5,0,8,2,92,149,1,0,1,0,0,0,0,0,0,0,0,0,0,1,1,0,51.0
550,151,3.5,111,10,145,1969,3,3,5,0,1,55,35,63,101,1,0,1,0,0,0,0,0,0,0,0,0,0,0,1,1,1001.0
552,148,3.3,248,157,153,2014,6,21,4,2,0,10,26,54,115,0,0,0,0,0,0,0,0,0,0,0,0,0,1,0,0,10000.0
554,69,2.7,70,58,114,2007,4,24,5,5,0,17,2,118,188,1,0,1,1,0,1,0,0,0,0,1,0,0,1,1,1,10000.0
555,69,3.4,178,133,129,2008,3,28,5,5,0,16,2,108,146,1,0,1,0,0,1,1,0,0,0,0,0,0,0,1,1,501.0
556,69,4.7,144,168,165,2010,3,3,5,5,0,14,2,65,106,1,0,1,0,0,1,1,1,0,0,0,0,0,0,1,1,51.0
557,69,2.8,0,32,32,1976,4,55,21,0,0,48,26,55,98,1,0,1,0,0,0,0,1,1,1,0,0,0,0,1,0,1001.0
558,69,3.5,54,122,159,1992,10,47,8,2,3,32,26,94,162,1,0,1,0,0,1,1,0,1,0,1,0,0,0,1,1,1001.0
560,51,3.2,207,91,35,0,3,44,21,12,0,0,29,63,120,1,0,1,1,0,1,1,1,0,0,0,0,0,0,1,1,1.0
561,189,4.4,251,30,28,2013,4,58,20,8,0,11,17,90,179,0,0,0,0,0,0,0,0,0,0,0,0,0,0,1,0,201.0
562,69,3.3,257,163,159,2008,3,12,21,5,0,16,2,127,202,0,0,0,0,0,0,0,0,0,0,0,0,0,0,1,0,201.0
563,228,4.0,76,9,5,2002,3,3,5,12,0,22,18,60,127,0,0,0,0,0,0,0,1,0,0,0,0,0,0,1,1,51.0
565,130,3.4,254,192,189,1991,4,48,15,13,0,33,7,31,57,0,0,0,0,0,0,0,0,0,0,0,0,0,0,1,0,201.0
566,250,3.8,283,17,146,2010,3,3,5,5,3,14,33,105,194,0,0,0,1,0,1,0,0,0,0,0,0,0,1,1,0,501.0
567,8,3.5,103,190,186,2007,3,40,21,5,0,17,5,45,86,0,0,1,1,0,1,0,1,0,0,0,0,0,0,1,1,1001.0
568,51,4.4,276,78,139,2015,3,11,5,5,0,9,35,75,143,1,0,0,0,0,1,1,0,0,0,0,0,0,0,1,0,1.0
570,250,3.7,258,118,112,1988,10,3,5,13,3,36,2,126,228,1,0,1,1,0,1,1,0,0,0,0,0,0,1,1,0,1001.0
572,69,4.7,287,10,195,2010,3,23,12,8,0,14,35,80,134,1,0,1,0,0,1,1,1,0,0,0,0,1,1,1,0,201.0
573,69,4.1,202,169,166,2012,3,11,5,5,3,12,2,120,189,1,0,0,0,0,1,0,1,0,0,0,0,0,1,1,0,501.0
575,69,4.0,175,169,138,0,3,1,1,3,0,0,2,85,142,1,0,1,0,0,1,0,0,0,0,0,0,0,0,1,0,1.0
576,195,3.5,49,36,38,2017,4,27,6,5,0,7,22,95,154,1,1,0,0,0,1,0,1,0,0,0,0,0,0,1,1,1001.0
577,69,2.5,59,27,26,0,3,58,20,5,1,0,2,111,176,1,0,1,0,0,0,0,1,0,0,1,0,0,0,1,0,1.0
578,69,3.9,266,163,12,0,3,24,5,3,0,0,2,87,140,1,0,1,0,0,0,0,0,0,0,0,0,0,0,1,0,1.0
579,69,3.4,170,180,148,1969,4,23,12,7,0,55,35,76,127,1,0,0,1,0,0,0,0,0,0,0,0,0,0,1,1,10000.0
580,47,3.6,37,122,24,1935,10,20,7,9,3,89,26,54,92,0,0,1,1,1,0,0,1,1,0,0,0,0,0,1,1,10000.0
582,69,3.5,149,122,94,2016,4,5,21,9,2,8,26,61,100,1,0,1,1,0,0,0,0,0,0,0,0,0,1,1,0,10000.0
583,69,3.7,5,122,121,0,3,0,0,5,0,0,26,81,140,1,0,1,0,0,0,0,0,0,0,0,0,0,0,1,1,501.0
585,249,2.9,13,164,118,1998,3,12,21,5,3,26,2,80,148,1,0,1,0,0,1,0,0,1,0,0,0,0,0,1,1,51.0
586,69,3.5,338,65,31,0,3,22,23,12,0,0,2,108,171,1,1,1,0,0,0,0,0,0,0,0,0,0,0,1,0,51.0
587,69,4.8,293,122,122,2011,3,24,5,5,0,13,26,112,179,1,0,1,0,0,0,0,1,1,0,0,0,0,0,1,0,1.0
588,69,4.0,42,122,118,2007,3,31,2,8,3,17,26,63,111,0,1,0,0,0,0,0,1,0,0,0,0,0,0,0,0,201.0
589,69,4.2,223,81,80,1885,3,56,2,13,0,139,17,75,126,0,0,1,0,0,0,0,1,0,0,0,0,0,0,1,0,201.0
590,82,3.8,58,122,130,1967,4,11,5,7,3,57,26,110,184,1,0,1,0,1,1,1,1,0,1,0,0,0,1,1,1,10000.0
591,51,3.7,129,122,118,1914,3,27,6,8,3,110,26,76,145,1,0,1,0,0,0,0,1,0,0,0,0,0,0,1,1,201.0
594,131,3.9,73,60,59,1937,7,56,2,5,3,87,29,36,62,1,0,1,0,0,0,0,0,1,0,0,0,0,0,1,1,501.0
595,69,4.6,83,189,106,0,3,5,21,12,0,0,17,70,118,1,0,1,1,1,1,1,0,1,0,0,0,0,1,1,1,51.0
597,195,4.3,186,122,118,1999,4,11,5,2,1,25,26,94,153,1,0,1,1,0,0,0,0,0,0,0,0,0,1,1,0,1001.0
599,149,3.3,248,157,153,2014,6,21,4,2,0,10,26,54,115,0,0,0,0,0,0,0,0,0,0,0,0,0,1,0,0,10000.0
600,40,3.7,53,4,3,1989,3,24,5,8,3,35,35,50,92,0,0,1,0,0,0,0,1,1,0,0,0,0,0,0,1,501.0
601,226,4.0,146,48,129,1939,4,3,5,5,0,85,28,49,97,0,0,1,0,0,0,0,0,0,0,0,0,0,0,1,1,10000.0
602,92,3.6,180,26,175,1851,3,27,6,7,0,173,17,67,135,0,0,0,0,0,0,0,0,0,0,0,0,0,0,1,1,5001.0
603,253,3.9,291,163,159,2007,3,28,5,6,2,17,2,138,224,1,0,1,0,0,1,0,0,0,0,0,0,0,0,1,0,201.0
604,69,3.7,204,162,61,1939,4,23,12,7,0,85,2,80,139,0,1,1,0,0,0,0,1,1,0,0,0,0,0,1,1,10000.0
605,119,3.7,328,21,67,1958,4,24,5,7,3,66,36,158,211,1,0,1,0,0,0,0,1,1,1,0,0,0,0,1,1,10000.0
606,196,3.9,237,122,118,2014,3,11,5,5,0,10,26,150,180,1,0,0,0,0,0,1,0,0,0,0,0,0,1,1,0,201.0
607,109,3.7,193,40,41,1928,4,3,5,11,3,96,11,42,80,1,0,1,0,0,1,1,0,0,0,0,0,0,0,1,1,10000.0
608,117,4.1,87,118,112,2010,3,28,5,13,3,14,2,190,220,1,0,1,1,0,1,0,0,0,0,0,0,0,0,1,1,51.0
609,40,3.1,281,122,118,2006,9,30,24,8,0,18,26,42,77,1,0,1,0,0,0,0,1,0,0,0,0,0,0,1,0,1001.0
610,181,3.1,246,132,193,1875,3,7,7,7,0,149,14,68,139,0,0,0,0,0,0,0,0,0,0,0,0,0,0,1,1,5001.0
613,34,3.0,155,77,16,1981,4,24,5,7,3,43,4,54,71,0,0,0,0,0,0,0,1,0,0,0,0,0,0,1,1,10000.0
614,49,3.6,180,178,175,1851,3,27,6,7,0,173,17,34,92,0,0,0,0,0,0,0,1,0,0,0,0,0,0,1,0,5001.0
616,40,3.6,7,122,118,1980,3,21,4,6,2,44,26,47,85,0,0,0,0,0,0,0,1,0,0,0,0,0,0,1,1,1.0
617,51,3.5,15,130,127,2013,3,21,4,5,0,11,2,65,124,1,0,1,1,1,1,1,1,0,0,0,0,0,0,1,1,501.0
619,69,4.2,115,122,118,2012,3,9,24,5,3,12,26,56,95,1,0,1,1,0,0,1,0,1,0,0,0,0,0,1,1,51.0
622,123,4.0,194,61,96,1954,4,23,12,8,2,70,35,62,112,1,0,0,0,0,0,0,0,0,0,0,0,0,0,1,0,501.0
623,201,3.9,28,70,29,1913,4,58,20,7,3,111,18,107,173,1,1,0,0,0,0,0,1,0,0,0,0,0,1,1,0,10000.0
624,69,3.7,50,175,148,2006,3,24,5,10,0,18,18,64,108,1,0,0,0,0,0,0,1,0,1,0,0,1,0,1,0,201.0
625,195,4.4,108,133,129,2012,3,28,5,5,0,12,2,89,144,1,0,1,0,0,0,0,0,0,0,0,0,0,1,1,0,1.0
627,219,3.5,284,108,104,2010,3,58,20,0,3,14,17,109,200,1,0,0,0,0,0,0,1,0,0,0,0,0,1,1,0,1001.0
629,125,3.7,64,97,41,1973,4,46,2,2,0,51,13,61,113,1,0,1,0,0,0,1,1,0,0,0,0,0,0,1,1,501.0
630,131,3.6,259,79,79,1986,3,18,19,8,0,38,2,35,62,0,0,1,0,0,0,0,1,1,1,0,0,0,0,1,1,1001.0
631,51,3.4,310,83,85,2002,3,24,5,0,3,22,33,55,105,1,0,1,0,1,1,1,1,0,0,0,0,0,0,1,1,501.0
632,135,4.0,297,29,6,1977,6,21,4,13,0,47,33,18,25,0,0,0,1,0,0,0,0,0,0,0,0,0,0,1,0,1001.0
633,160,2.4,292,82,62,0,3,17,7,8,0,0,11,39,66,0,0,0,0,0,0,0,0,0,0,0,0,0,0,1,1,501.0
634,142,3.7,204,164,61,1939,4,23,12,7,0,85,2,135,211,1,0,0,0,0,0,0,0,0,0,0,0,0,1,1,1,10000.0
635,51,3.5,255,140,30,1997,3,58,20,5,3,27,1,57,80,1,0,0,0,0,1,0,0,0,0,0,0,0,0,0,1,501.0
636,73,4.4,316,122,118,2001,3,29,2,5,0,23,26,129,215,0,0,0,0,0,0,0,0,0,0,0,0,0,1,1,0,1001.0
637,86,3.3,171,26,23,1912,3,27,6,7,3,112,17,86,143,1,1,0,0,0,0,0,0,0,0,0,0,0,0,1,1,10000.0
638,14,3.9,28,70,29,1913,4,58,20,7,3,111,18,63,127,0,0,0,0,0,0,0,0,0,0,0,0,0,0,1,0,10000.0
639,79,3.2,177,20,14,1958,7,14,3,0,3,66,17,50,89,1,0,1,0,0,0,0,1,1,1,0,0,0,0,1,1,5001.0
640,51,3.2,143,122,118,2003,3,40,21,5,3,21,26,43,86,1,0,1,1,1,0,0,1,0,0,0,0,0,0,1,1,501.0
642,185,2.1,69,46,45,0,4,58,20,10,0,0,2,74,149,0,0,0,0,0,0,0,1,0,0,0,0,0,0,1,1,201.0
643,69,4.0,280,122,118,2007,3,6,23,5,2,17,26,71,124,1,0,1,0,0,0,0,1,0,0,0,0,0,0,1,0,501.0
644,10,3.7,290,30,125,1781,4,58,20,7,3,243,17,113,196,0,0,1,1,0,1,1,1,0,0,1,0,0,1,1,1,10000.0
645,216,2.6,271,141,137,1984,1,2,24,5,0,40,29,81,167,0,0,0,0,0,0,0,0,0,0,0,0,1,1,1,1,501.0
646,69,3.4,245,122,124,2011,3,21,4,5,2,13,26,69,121,1,0,1,1,0,1,0,0,1,0,0,0,0,0,1,0,201.0
647,195,4.4,182,40,41,2008,3,5,21,13,0,16,11,97,160,1,1,1,1,1,0,1,1,1,0,0,0,0,0,1,0,201.0
648,142,3.2,300,163,159,2006,10,11,5,5,3,18,2,150,238,0,0,0,1,0,0,0,1,0,0,0,0,0,0,1,0,501.0
651,69,3.5,88,122,118,2005,4,12,21,5,0,19,26,77,132,1,1,1,1,0,1,0,1,0,0,0,0,0,0,1,0,201.0
652,30,3.7,322,186,182,1966,6,21,4,8,0,58,3,24,39,0,0,0,0,0,0,0,0,0,0,0,0,0,0,1,0,501.0
653,52,4.2,75,36,41,2008,3,24,5,5,0,16,22,59,112,1,0,1,0,0,0,1,1,0,0,0,0,0,0,1,1,201.0
654,43,4.2,299,160,156,0,7,39,10,5,0,0,34,35,65,0,0,1,1,0,0,0,1,0,0,0,0,0,0,1,0,10000.0
655,51,3.1,196,5,170,1997,4,54,8,7,3,27,2,79,147,1,0,1,1,0,1,0,1,0,0,0,0,0,0,1,1,1001.0
658,186,3.9,130,30,25,1830,4,58,20,7,3,194,17,62,119,0,0,0,1,0,0,0,0,0,0,0,0,0,0,1,1,10000.0
660,195,4.3,120,103,97,2008,3,3,5,5,1,16,2,119,187,1,0,0,0,0,1,0,1,0,0,0,0,0,0,1,0,51.0
661,154,3.3,312,56,55,1988,4,5,21,9,3,36,2,90,157,0,0,1,0,0,0,0,1,1,1,0,0,0,0,1,1,1001.0
662,116,3.9,268,122,118,2010,3,28,5,6,0,14,26,32,62,0,0,1,0,0,1,0,0,0,0,0,0,0,0,0,0,201.0
663,4,3.5,66,171,168,1996,7,21,4,2,0,28,2,42,86,0,0,1,0,0,0,0,0,1,0,0,0,0,0,1,1,501.0
664,66,4.0,11,164,160,1982,4,3,5,11,2,42,2,116,208,1,0,1,0,0,0,1,1,1,0,0,0,0,0,1,1,10000.0
665,197,3.9,28,122,29,1913,4,58,20,7,3,111,26,102,172,1,1,0,0,0,0,0,0,0,0,0,0,0,1,1,0,10000.0
666,239,3.0,228,92,88,1958,3,19,14,7,3,66,32,69,127,1,0,1,0,0,0,0,0,0,0,0,0,0,0,1,0,10000.0
668,69,3.7,285,11,197,1863,4,26,6,7,3,161,26,86,144,1,0,1,0,0,0,0,1,0,0,0,0,0,1,1,0,10000.0
669,195,3.5,262,12,73,1870,4,58,20,0,0,154,3,102,165,1,0,0,0,0,0,0,1,0,0,0,0,0,0,1,0,5001.0
670,51,4.0,229,53,52,1915,7,27,6,2,0,109,3,74,124,1,0,1,1,0,0,0,0,0,0,1,1,0,0,1,1,501.0
671,103,3.3,220,116,109,1964,3,17,7,5,0,60,37,40,68,0,0,0,0,0,0,0,0,0,0,0,0,0,0,1,1,501.0
672,193,3.2,109,67,83,2004,3,21,4,5,0,20,32,76,142,0,0,0,1,1,0,1,1,0,0,0,0,0,0,1,1,1001.0
673,51,3.4,188,158,148,1999,3,24,5,10,0,25,18,76,142,0,0,0,1,0,0,0,0,0,0,0,0,0,0,1,1,201.0
674,195,4.4,181,120,115,1984,3,3,5,0,0,40,17,108,171,1,0,1,0,0,0,0,0,1,0,0,0,0,0,1,1,1001.0
675,94,3.3,171,40,23,1912,3,27,6,7,3,112,11,202,306,1,0,0,0,0,0,0,0,0,1,0,0,0,0,1,0,10000.0
676,123,3.2,154,122,118,1975,3,3,5,5,3,49,26,91,159,1,0,1,1,1,0,0,1,0,0,0,0,0,0,1,0,1001.0
678,233,3.8,205,30,13,1996,4,58,20,7,0,28,17,80,133,1,0,1,0,0,0,0,0,1,1,0,0,0,1,1,0,10000.0
679,187,2.9,29,176,159,2012,10,58,20,5,3,12,2,49,97,0,0,0,0,0,0,0,0,0,0,0,0,0,1,1,0,201.0
681,256,2.7,12,158,154,1961,3,58,20,10,0,63,18,49,113,0,0,0,0,0,0,0,1,0,0,0,0,0,1,1,1,201.0
682,122,3.6,38,114,91,1935,7,21,4,8,0,89,6,21,34,0,0,0,0,0,0,0,0,0,0,0,0,0,0,1,0,1001.0
683,176,3.1,246,195,193,1875,3,7,7,7,0,149,22,65,134,0,0,0,0,0,0,0,1,0,0,0,0,0,0,1,1,5001.0
685,7,3.3,199,153,149,1989,3,27,6,2,0,35,27,32,59,0,0,0,0,0,0,0,0,0,0,0,0,0,0,1,1,501.0
687,108,3.7,304,199,196,1852,4,27,6,11,0,172,17,39,69,0,0,1,0,0,0,0,0,0,0,0,0,0,0,1,1,5001.0
688,237,4.5,192,85,83,1996,3,5,21,10,0,28,12,87,158,1,0,1,1,1,1,1,0,0,0,1,1,0,0,1,1,51.0
689,28,3.0,141,185,180,1977,10,11,5,8,3,47,7,27,48,0,0,1,0,0,0,0,1,0,0,0,0,0,0,1,1,1001.0
690,24,3.8,121,122,118,2002,3,52,17,9,3,22,26,36,71,1,0,1,0,0,0,0,1,0,0,0,0,0,0,1,1,1001.0
691,208,3.9,311,40,41,1968,4,15,2,0,0,56,11,107,173,1,1,1,0,0,0,0,1,0,1,0,0,0,0,1,0,5001.0
692,194,3.2,177,75,14,1958,7,14,3,0,3,66,35,56,99,0,0,0,0,0,0,0,0,0,0,0,0,0,1,1,1,5001.0
694,99,3.3,185,30,28,1976,3,4,22,5,0,48,17,25,28,0,0,0,0,0,0,0,1,0,0,0,0,0,0,0,1,1.0
695,222,3.1,246,195,193,1875,3,7,7,7,0,149,22,80,155,0,0,0,0,0,0,0,1,0,0,0,0,0,0,1,0,5001.0
696,177,2.4,89,162,158,2006,3,58,20,13,0,18,2,43,98,0,0,0,0,0,0,0,0,0,0,0,0,0,1,1,0,501.0
697,18,2.9,235,88,111,2015,3,58,20,5,0,9,26,44,96,0,0,0,0,0,0,0,1,0,0,0,0,0,0,1,1,1001.0
698,171,4.8,145,163,159,2011,3,3,5,10,0,13,2,45,78,0,0,1,0,0,0,0,1,1,0,0,0,0,0,1,0,51.0
699,247,2.9,235,107,111,2015,3,58,20,5,0,9,8,50,110,0,0,0,0,0,0,0,1,0,0,0,0,0,0,1,1,1001.0
700,69,4.7,214,14,8,2003,3,3,5,10,0,21,8,60,99,1,0,1,0,0,0,0,1,0,0,0,0,0,0,1,0,51.0
701,78,4.7,84,118,112,2014,3,3,5,8,0,10,2,130,206,1,1,1,0,0,0,0,1,1,0,0,0,0,0,1,1,501.0
702,107,3.4,23,148,143,1988,3,27,6,8,0,36,17,61,119,0,0,1,0,0,1,1,1,0,0,0,0,0,0,1,1,1001.0
703,169,3.7,165,30,162,0,3,0,0,5,0,0,17,100,140,0,0,0,0,0,0,0,1,0,0,0,0,0,1,1,0,501.0
704,191,3.9,172,163,159,2008,4,3,5,5,0,16,2,99,178,1,0,1,0,0,0,0,0,1,0,0,0,0,0,1,0,51.0
705,150,3.6,150,143,56,2017,4,58,20,9,3,7,29,86,137,0,0,0,0,0,0,0,0,0,0,0,0,0,1,1,0,10000.0
706,68,3.6,180,26,175,1851,3,27,6,7,0,173,17,37,100,0,0,0,0,0,0,0,1,0,0,0,0,0,0,1,1,5001.0
707,234,3.9,130,30,25,1830,4,58,20,7,3,194,17,58,111,0,0,0,1,0,0,0,0,0,0,0,0,0,0,1,1,10000.0
708,193,4.4,112,119,159,2006,4,28,5,8,3,18,32,72,133,1,0,1,1,0,1,1,0,0,0,0,0,0,0,1,0,1001.0
709,157,2.6,271,141,137,1984,1,2,24,5,0,40,29,56,91,0,0,0,0,0,0,0,1,0,0,0,0,0,1,0,0,501.0
711,168,3.6,247,19,7,1967,7,14,3,13,0,57,27,61,126,1,0,0,0,0,0,0,0,0,0,0,0,1,0,1,1,501.0
712,67,3.2,207,7,35,0,3,44,21,12,0,0,29,95,160,0,1,0,0,0,0,0,1,0,0,0,0,0,0,1,0,1.0
714,44,4.2,299,160,156,0,7,39,10,5,0,0,34,53,91,0,1,1,0,0,0,0,0,1,0,0,0,0,0,1,0,10000.0
715,100,3.6,180,26,175,1851,3,27,6,7,0,173,17,101,158,1,0,1,1,0,1,1,1,1,0,0,0,0,0,1,1,5001.0
718,257,3.1,153,100,93,1977,3,7,7,2,3,47,34,33,61,1,0,1,0,0,0,0,1,1,0,0,0,0,0,1,0,1001.0
719,53,3.8,267,22,19,2014,10,6,23,5,0,10,0,44,86,1,0,1,1,0,1,0,1,0,0,0,0,0,0,1,1,501.0
721,35,3.8,25,72,74,1870,4,56,2,0,3,154,37,43,77,0,0,0,1,0,0,0,1,0,0,0,0,0,0,1,1,1001.0
722,211,4.0,226,122,118,1849,4,58,20,7,0,175,26,125,210,0,0,0,1,0,0,0,1,0,0,0,0,0,0,1,0,10000.0
723,132,3.8,121,122,118,2002,3,52,17,9,3,22,26,44,86,0,0,1,0,0,0,0,1,0,1,0,0,0,0,1,0,1001.0
725,191,4.0,206,78,105,2012,3,11,5,8,3,12,35,69,119,1,0,1,0,0,0,0,0,0,0,0,0,1,0,1,1,501.0
726,191,1.9,190,122,118,2010,3,8,14,8,3,14,26,65,110,1,1,1,0,0,0,0,1,0,1,0,0,0,0,1,1,201.0
727,193,4.0,206,152,105,2012,3,11,5,8,3,12,35,67,127,1,0,1,1,0,1,1,0,0,0,1,1,1,0,1,1,501.0
728,193,4.3,134,57,48,1990,3,3,5,0,3,34,22,78,147,1,0,0,1,0,1,1,0,0,0,0,0,0,0,1,0,5001.0
730,62,3.6,180,26,175,1851,3,27,6,7,0,173,17,66,117,0,0,1,1,0,1,1,1,0,0,0,0,0,0,0,1,5001.0
731,63,3.3,171,85,23,1912,3,27,6,7,3,112,12,37,66,1,0,1,0,0,0,0,1,0,0,0,0,0,0,1,1,10000.0
732,85,3.8,205,30,13,1996,4,58,20,7,0,28,17,86,143,0,0,0,0,0,0,0,0,0,0,0,0,0,0,1,0,10000.0
733,69,4.3,318,122,118,2011,3,5,21,6,0,13,26,84,146,1,1,1,1,1,1,1,0,1,0,0,0,0,0,0,0,201.0
734,153,3.2,207,138,35,0,3,44,21,12,0,0,29,50,98,1,0,1,1,1,0,0,0,0,0,0,0,0,0,1,1,1.0
735,12,4.7,236,43,184,1972,3,34,21,6,0,52,2,38,64,0,0,0,0,0,0,0,1,0,0,0,0,0,0,1,1,51.0
736,232,3.4,306,34,69,1981,4,21,4,5,0,43,1,90,110,0,0,1,0,0,0,1,0,0,1,0,0,0,0,1,1,501.0
737,203,3.8,205,30,13,1996,4,58,20,7,0,28,17,92,150,0,0,0,0,0,0,0,0,0,0,0,0,0,0,1,0,10000.0
738,192,4.5,98,163,159,2006,3,3,5,8,3,18,2,90,153,0,0,1,0,0,0,0,0,1,0,0,0,0,0,1,1,201.0
740,20,3.1,260,26,103,1856,3,56,2,7,0,168,17,43,82,1,1,1,0,0,0,0,1,0,1,0,0,0,0,1,1,10000.0
741,183,3.7,191,30,0,0,0,0,0,4,0,0,17,100,135,0,0,0,0,0,0,0,1,0,0,0,0,0,1,1,0,501.0
742,209,3.9,176,131,128,2012,3,3,5,5,0,12,7,93,151,1,0,0,1,0,0,0,0,0,0,0,0,0,0,1,1,201.0
743,51,4.4,33,35,186,2004,3,24,5,5,0,20,35,61,109,1,0,0,1,1,1,1,0,0,1,0,0,0,0,1,0,51.0
744,51,3.4,157,172,36,2002,3,24,5,13,0,22,1,42,79,1,0,1,1,0,1,0,0,0,0,0,0,0,0,0,0,501.0
745,119,3.9,335,28,27,2009,3,15,2,13,0,15,2,139,221,1,1,1,0,0,0,0,1,0,0,0,0,0,1,1,0,51.0
746,261,4.7,326,44,44,2002,3,31,2,5,0,22,21,40,101,0,0,1,0,0,1,1,1,1,0,0,0,0,0,1,0,1001.0
747,22,3.3,224,35,78,2017,3,23,12,0,0,7,35,84,153,1,0,1,0,0,1,1,0,0,0,0,0,1,0,1,1,1001.0
748,174,3.9,107,40,86,1995,3,11,5,8,0,29,11,52,81,1,0,1,0,0,0,0,0,1,1,0,0,0,0,1,0,501.0
749,129,3.4,216,26,94,1943,3,5,21,8,3,81,17,81,134,0,1,1,0,0,1,1,1,1,0,0,0,0,0,1,0,1001.0
750,193,4.7,232,17,11,2010,3,41,21,6,0,14,33,97,180,1,0,1,0,0,1,0,0,0,0,1,0,0,0,1,1,51.0
751,255,2.7,12,158,154,1961,3,58,20,10,0,63,18,49,113,0,0,0,0,0,0,0,0,0,0,0,0,0,0,0,0,201.0
752,59,3.8,56,23,20,1925,3,27,6,9,3,99,11,44,73,1,0,1,0,0,1,1,1,0,0,1,0,0,0,1,1,1001.0
753,237,3.4,105,40,41,2005,4,51,16,9,3,19,11,75,140,0,0,1,0,0,0,0,0,0,0,0,0,0,0,1,0,1001.0
754,188,3.8,14,30,28,2008,4,58,20,13,0,16,17,84,157,0,1,0,0,0,0,0,0,0,1,0,0,0,1,1,0,501.0
755,127,3.9,291,163,159,2007,3,28,5,6,2,17,2,40,87,1,0,1,0,0,1,0,0,0,0,0,0,0,0,1,0,201.0
756,182,3.1,246,132,193,1875,3,7,7,7,0,149,14,68,139,0,0,0,0,0,0,0,0,0,0,0,0,0,0,1,1,5001.0
757,227,4.1,187,69,192,1981,4,3,5,0,3,43,2,72,142,1,0,0,0,0,0,0,1,0,0,0,0,0,0,1,1,5001.0
758,51,3.7,183,180,191,0,4,23,12,9,0,0,35,74,137,1,0,1,0,0,1,1,0,0,0,0,0,0,0,1,1,5001.0
759,51,2.8,148,162,158,1972,3,27,6,2,3,52,2,57,109,0,0,1,0,0,0,0,0,1,0,0,0,0,0,1,1,501.0
761,115,4.0,137,163,108,2007,3,28,5,5,2,17,2,121,203,1,0,0,1,0,1,1,1,0,0,0,0,0,0,1,1,1001.0
763,152,3.5,111,151,145,1969,3,3,5,0,1,55,2,52,85,1,1,0,0,0,1,0,1,0,0,0,0,0,0,1,0,1001.0
766,235,3.4,27,194,118,1978,4,27,6,11,3,46,27,81,140,0,0,1,0,0,0,0,1,0,0,0,0,0,0,1,1,10000.0
767,238,3.7,117,54,53,0,10,27,6,8,0,0,9,83,148,1,0,1,0,0,0,0,1,1,0,0,0,0,0,1,1,201.0
768,15,3.0,116,2,2,1994,4,58,20,5,3,30,2,59,116,0,0,0,0,0,0,0,1,0,0,0,0,0,0,1,1,501.0
769,200,3.8,217,154,150,1965,5,10,11,2,3,59,36,60,101,0,0,0,0,0,0,0,0,0,0,0,0,1,1,1,1,1001.0
773,1,4.6,140,33,33,1992,3,31,2,8,0,32,9,31,55,0,0,1,0,0,0,0,1,1,0,0,0,0,0,1,1,501.0
776,11,4.4,8,30,28,2003,4,58,20,5,0,21,17,102,178,0,0,0,0,0,0,0,1,0,0,0,0,0,1,1,0,201.0
777,97,4.0,226,30,118,1849,4,58,20,7,0,175,17,136,208,0,0,0,1,0,0,0,0,0,0,0,0,0,1,1,0,10000.0
778,224,3.7,165,30,162,0,3,0,0,5,0,0,17,110,130,0,0,0,0,0,0,0,0,0,0,0,0,0,1,1,1,501.0
779,46,3.0,17,139,135,1983,3,27,6,11,3,41,29,48,85,0,0,1,0,0,0,0,1,1,1,0,0,0,0,1,1,5001.0
780,206,3.0,116,2,2,1994,4,58,20,5,3,30,2,71,129,0,0,0,0,0,0,0,1,0,0,0,0,0,1,1,0,501.0
781,118,4.7,279,163,97,2006,3,44,21,1,0,18,2,66,123,1,0,0,1,0,0,0,0,0,0,0,0,0,0,1,0,51.0
782,67,4.2,139,163,159,2011,3,21,4,5,0,13,2,171,272,1,0,1,0,1,0,0,1,0,0,0,0,0,0,1,0,501.0
783,199,3.8,217,173,150,1965,5,10,11,2,3,59,36,92,146,0,0,0,0,0,0,0,0,0,0,0,0,1,1,1,1,1001.0
784,51,3.5,253,40,41,1995,3,5,21,13,0,29,11,65,126,1,0,1,0,0,0,0,0,0,0,0,0,0,0,1,0,201.0
785,95,3.3,171,40,23,1912,3,27,6,7,3,112,11,150,239,1,1,0,0,0,0,0,0,0,1,0,0,0,1,1,0,10000.0
786,134,3.2,63,129,57,1996,7,21,4,7,2,28,23,21,29,0,0,0,0,0,0,0,0,0,0,0,0,0,0,0,1,10000.0
787,212,2.7,118,119,132,2000,4,16,2,9,0,24,32,10,17,0,0,0,0,0,0,0,1,1,0,0,0,0,0,1,1,5001.0
788,213,3.3,95,89,118,1973,3,59,2,0,0,51,24,118,228,1,0,1,0,0,0,0,1,0,0,0,0,0,0,1,1,1001.0
789,105,3.7,22,17,11,0,1,2,24,5,0,0,33,82,129,1,1,0,1,0,0,0,0,0,0,0,0,0,0,1,1,501.0
790,162,3.9,274,161,157,1947,7,40,21,2,3,77,33,52,91,1,0,1,1,1,0,0,1,0,0,1,1,0,0,1,1,1001.0
791,223,3.1,246,195,193,1875,3,7,7,7,0,149,22,47,101,0,0,0,0,0,0,0,1,0,0,0,0,0,1,1,0,5001.0
794,260,3.7,241,84,185,1922,4,23,12,7,0,102,0,49,76,0,0,0,0,0,0,0,1,0,0,0,0,1,0,1,1,10000.0
795,214,4.3,239,57,147,1958,7,40,21,2,3,66,22,43,88,0,0,0,0,0,0,0,0,0,1,0,0,0,0,1,0,1001.0
797,69,3.8,93,47,46,1948,4,43,14,11,3,76,29,61,109,1,1,1,0,0,0,0,0,0,0,0,1,0,0,1,0,10000.0
799,142,3.9,28,70,29,1913,4,58,20,7,3,111,18,113,182,1,1,0,0,0,0,0,1,0,0,0,0,0,1,1,0,10000.0
802,93,3.6,289,63,64,1989,3,12,21,5,0,35,24,124,199,1,0,1,1,0,0,0,1,1,0,0,0,0,0,0,1,1001.0
803,51,3.7,60,156,152,1899,7,21,4,0,0,125,35,58,104,0,0,0,0,0,0,0,1,0,0,0,0,0,0,1,1,10000.0
804,231,2.1,319,24,21,2003,8,58,20,8,2,21,29,52,93,0,1,1,0,0,0,0,1,1,0,0,0,0,0,1,1,1001.0
806,193,3.9,122,163,159,2008,4,3,5,6,0,16,2,97,181,1,0,0,1,0,0,0,1,0,0,1,0,0,0,1,0,51.0
807,193,3.9,291,163,159,2007,3,28,5,6,2,17,2,100,173,0,0,1,0,0,0,0,0,0,0,0,0,0,0,1,0,201.0
808,236,3.2,101,122,118,2008,3,28,5,5,0,16,26,58,108,1,0,1,0,0,1,0,1,0,0,0,0,0,0,1,1,201.0
809,167,4.6,189,30,28,1991,10,40,21,12,3,33,17,81,161,0,0,0,1,0,0,0,1,0,0,0,0,0,0,1,0,51.0
810,13,3.8,121,122,118,2002,3,52,17,9,3,22,26,53,96,1,0,0,0,0,1,0,0,0,0,0,0,0,0,1,1,1001.0
811,45,2.2,249,163,159,2002,3,57,14,5,0,22,2,61,110,0,0,0,0,0,0,0,1,0,0,0,0,0,0,1,0,501.0
812,220,3.1,246,195,193,1875,3,7,7,7,0,149,22,65,96,0,0,0,0,0,0,0,1,0,1,0,0,0,1,1,0,5001.0
815,166,4.6,189,30,28,1991,10,40,21,12,3,33,17,115,220,0,0,0,0,0,0,0,0,0,0,0,0,0,0,1,0,51.0
816,170,2.6,271,141,137,1984,1,2,24,5,0,40,29,71,144,1,0,1,0,0,0,0,0,0,0,0,0,0,1,1,0,501.0
817,104,3.4,92,173,169,1979,7,42,10,10,0,45,36,32,57,0,0,1,1,0,0,0,1,0,0,0,0,0,0,1,1,501.0
818,207,3.3,159,71,12,1889,3,21,4,2,3,135,18,79,136,0,0,1,0,0,0,0,0,0,0,0,0,0,0,1,1,1001.0
819,146,3.7,165,30,162,0,3,0,0,5,0,0,17,120,145,0,0,0,0,0,0,0,0,0,0,0,0,0,1,1,0,501.0
820,236,3.7,81,139,134,1994,3,21,4,2,0,30,29,50,89,0,0,1,0,0,0,0,1,1,1,0,0,0,0,0,1,201.0
821,205,3.5,332,115,160,1970,4,3,5,7,2,54,2,68,129,1,0,1,1,0,1,1,0,0,0,0,0,0,0,1,1,10000.0
822,158,2.7,12,158,154,1961,3,58,20,10,0,63,18,48,113,0,0,0,0,0,0,0,1,0,0,0,0,0,0,1,0,201.0
823,31,3.8,119,191,187,2008,3,58,20,6,0,16,17,27,47,0,0,0,0,0,0,0,1,0,0,0,0,0,0,1,1,51.0
824,229,3.7,241,31,185,1922,4,23,12,7,0,102,18,74,124,1,0,1,0,0,0,0,0,0,0,1,0,1,0,1,1,10000.0
825,128,3.8,14,30,28,2008,4,58,20,13,0,16,17,68,125,0,0,0,0,0,0,0,1,0,0,0,0,0,0,1,1,501.0
826,5,3.3,171,26,23,1912,3,27,6,7,3,112,17,39,67,0,0,0,0,0,0,0,0,0,0,0,0,0,0,1,1,10000.0
827,240,2.7,48,103,97,2011,3,11,5,5,0,13,2,71,135,0,0,0,1,0,1,1,0,0,0,0,0,0,0,1,1,1.0
828,218,3.8,40,133,129,2006,4,16,2,13,0,18,2,107,172,0,0,1,0,0,0,0,0,0,1,0,0,0,1,1,0,501.0
829,84,3.8,218,154,150,1965,5,10,11,2,3,59,36,49,85,0,0,0,0,0,0,0,0,0,1,0,0,1,0,1,1,1001.0
830,34,3.0,155,77,16,1981,4,24,5,7,3,43,4,54,71,0,0,0,0,0,0,0,1,0,0,0,0,0,0,1,1,10000.0
831,178,3.9,28,70,29,1913,4,58,20,7,3,111,18,61,123,0,0,0,0,0,0,0,0,0,1,0,0,0,0,1,1,10000.0
832,40,3.6,7,122,118,1980,3,21,4,6,2,44,26,47,85,0,0,0,0,0,0,0,1,0,0,0,0,0,0,1,1,1.0
836,51,3.5,15,130,127,2013,3,21,4,5,0,11,2,65,124,1,0,1,1,1,1,1,1,0,0,0,0,0,0,1,1,501.0
837,69,3.6,289,63,64,1989,3,12,21,5,0,35,24,87,141,1,0,1,1,0,0,1,1,1,0,0,0,0,0,1,0,1001.0
838,69,4.2,115,122,118,2012,3,9,24,5,3,12,26,56,95,1,0,1,1,0,0,1,0,1,0,0,0,0,0,1,1,51.0
839,69,3.5,71,109,123,0,9,30,24,12,0,0,21,71,121,0,0,1,0,0,0,1,1,0,0,0,0,0,1,1,0,1.0
840,123,4.0,194,61,96,1954,4,23,12,8,2,70,35,62,112,1,0,0,0,0,0,0,0,0,0,0,0,0,0,1,0,501.0
841,69,3.7,50,175,148,2006,3,24,5,10,0,18,18,64,108,1,0,0,0,0,0,0,1,0,1,0,0,1,0,1,0,201.0
845,195,4.4,108,133,129,2012,3,28,5,5,0,12,2,89,144,1,0,1,0,0,0,0,0,0,0,0,0,0,1,1,0,1.0
848,219,3.5,284,108,104,2010,3,58,20,0,3,14,17,109,200,1,0,0,0,0,0,0,1,0,0,0,0,0,1,1,0,1001.0
851,131,3.6,259,79,79,1986,3,18,19,8,0,38,2,35,62,0,0,1,0,0,0,0,1,1,1,0,0,0,0,1,1,1001.0
852,125,3.7,64,97,41,1973,4,46,2,2,0,51,13,61,113,1,0,1,0,0,0,1,1,0,0,0,0,0,0,1,1,501.0
853,51,3.4,310,83,85,2002,3,24,5,0,3,22,33,55,105,1,0,1,0,1,1,1,1,0,0,0,0,0,0,1,1,501.0
854,135,4.0,297,29,6,1977,6,21,4,13,0,47,33,18,25,0,0,0,1,0,0,0,0,0,0,0,0,0,0,1,0,1001.0
855,142,3.7,204,164,61,1939,4,23,12,7,0,85,2,135,211,1,0,0,0,0,0,0,0,0,0,0,0,0,1,1,1,10000.0
856,160,2.4,292,82,62,0,3,17,7,8,0,0,11,39,66,0,0,0,0,0,0,0,0,0,0,0,0,0,0,1,1,501.0
857,51,3.5,255,140,30,1997,3,58,20,5,3,27,1,57,80,1,0,0,0,0,1,0,0,0,0,0,0,0,0,0,1,501.0
858,14,3.9,28,70,29,1913,4,58,20,7,3,111,18,63,127,0,0,0,0,0,0,0,0,0,0,0,0,0,0,1,0,10000.0
859,79,3.2,177,20,14,1958,7,14,3,0,3,66,17,50,89,1,0,1,0,0,0,0,1,1,1,0,0,0,0,1,1,5001.0
860,195,4.4,301,41,42,1885,10,33,9,5,0,139,27,82,132,1,0,1,1,0,0,0,0,1,0,0,0,0,0,1,1,201.0
861,83,3.9,298,37,148,2010,3,24,5,8,3,14,35,85,139,1,0,1,0,0,1,1,0,0,0,0,0,1,1,1,1,501.0
863,69,3.4,82,190,81,1997,3,5,21,6,0,27,5,72,121,1,1,0,0,0,0,0,0,0,0,0,0,0,0,1,1,51.0
864,185,2.1,69,46,45,0,4,58,20,10,0,0,2,74,149,0,0,0,0,0,0,0,1,0,0,0,0,0,0,1,1,201.0
866,10,3.7,290,30,125,1781,4,58,20,7,3,243,17,113,196,0,0,1,1,0,1,1,1,0,0,1,0,0,1,1,1,10000.0
867,69,3.4,245,122,124,2011,3,21,4,5,2,13,26,69,121,1,0,1,1,0,1,0,0,1,0,0,0,0,0,1,0,201.0
868,69,4.0,280,122,118,2007,3,6,23,5,2,17,26,71,124,1,0,1,0,0,0,0,1,0,0,0,0,0,0,1,0,501.0
869,195,4.4,182,40,41,2008,3,5,21,13,0,16,11,97,160,1,1,1,1,1,0,1,1,1,0,0,0,0,0,1,0,201.0
870,216,2.6,271,141,137,1984,1,2,24,5,0,40,29,81,167,0,0,0,0,0,0,0,0,0,0,0,0,1,1,1,1,501.0
871,142,3.2,300,163,159,2006,10,11,5,5,3,18,2,150,238,0,0,0,1,0,0,0,1,0,0,0,0,0,0,1,0,501.0
875,30,3.7,322,186,182,1966,6,21,4,8,0,58,3,24,39,0,0,0,0,0,0,0,0,0,0,0,0,0,0,1,0,501.0
877,43,4.2,299,160,156,0,7,39,10,5,0,0,34,35,65,0,0,1,1,0,0,0,1,0,0,0,0,0,0,1,0,10000.0
878,69,3.5,88,122,118,2005,4,12,21,5,0,19,26,77,132,1,1,1,1,0,1,0,1,0,0,0,0,0,0,1,0,201.0
879,69,4.3,272,140,24,1969,3,24,5,13,0,55,1,51,88,1,0,1,0,0,0,0,1,0,1,0,0,0,0,1,0,201.0
880,69,2.6,331,87,85,1997,3,2,24,5,0,27,2,101,141,1,0,1,0,0,0,0,0,1,1,0,0,0,0,1,1,10000.0
881,52,4.2,75,36,41,2008,3,24,5,5,0,16,22,59,112,1,0,1,0,0,0,1,1,0,0,0,0,0,0,1,1,201.0
883,51,3.1,196,5,170,1997,4,54,8,7,3,27,2,79,147,1,0,1,1,0,1,0,1,0,0,0,0,0,0,1,1,1001.0
884,71,3.8,270,163,130,2005,10,7,7,10,0,19,2,79,127,1,1,1,1,0,0,0,0,1,0,0,0,0,0,1,0,201.0
886,186,3.9,130,30,25,1830,4,58,20,7,3,194,17,62,119,0,0,0,1,0,0,0,0,0,0,0,0,0,0,1,1,10000.0
887,195,4.3,120,103,97,2008,3,3,5,5,1,16,2,119,187,1,0,0,0,0,1,0,1,0,0,0,0,0,0,1,0,51.0
892,113,3.2,177,111,14,1958,7,14,3,0,3,66,35,81,132,1,0,1,0,0,1,1,1,1,1,0,0,0,0,1,1,5001.0
893,195,5.0,269,8,4,2011,3,3,5,5,0,13,19,120,140,0,0,0,0,0,0,0,1,0,0,0,0,0,1,1,0,51.0
895,154,3.3,312,56,55,1988,4,5,21,9,3,36,2,90,157,0,0,1,0,0,0,0,1,1,1,0,0,0,0,1,1,1001.0
896,50,4.3,186,122,118,1999,4,11,5,2,1,25,26,63,110,0,0,1,1,0,0,0,1,0,0,0,0,0,0,1,1,1001.0
897,4,3.5,66,171,168,1996,7,21,4,2,0,28,2,42,86,0,0,1,0,0,0,0,0,1,0,0,0,0,0,1,1,501.0
898,116,3.9,268,122,118,2010,3,28,5,6,0,14,26,32,62,0,0,1,0,0,1,0,0,0,0,0,0,0,0,0,0,201.0
899,66,4.0,11,164,160,1982,4,3,5,11,2,42,2,116,208,1,0,1,0,0,0,1,1,1,0,0,0,0,0,1,1,10000.0
900,201,3.9,28,70,29,1913,4,58,20,7,3,111,18,107,173,1,1,0,0,0,0,0,1,0,0,0,0,0,1,1,0,10000.0
901,69,3.4,96,128,34,0,3,24,5,12,0,0,36,65,113,0,0,0,0,0,0,0,0,0,0,0,0,0,0,0,0,51.0
902,239,3.0,228,92,88,1958,3,19,14,7,3,66,32,69,127,1,0,1,0,0,0,0,0,0,0,0,0,0,0,1,0,10000.0
904,197,3.9,28,122,29,1913,4,58,20,7,3,111,26,102,172,1,1,0,0,0,0,0,0,0,0,0,0,0,1,1,0,10000.0
907,51,4.0,229,53,52,1915,7,27,6,2,0,109,3,74,124,1,0,1,1,0,0,0,0,0,0,1,1,0,0,1,1,501.0
909,103,3.3,220,116,109,1964,3,17,7,5,0,60,37,40,68,0,0,0,0,0,0,0,0,0,0,0,0,0,0,1,1,501.0
910,193,3.2,109,67,83,2004,3,21,4,5,0,20,32,76,142,0,0,0,1,1,0,1,1,0,0,0,0,0,0,1,1,1001.0
911,51,3.4,188,158,148,1999,3,24,5,10,0,25,18,76,142,0,0,0,1,0,0,0,0,0,0,0,0,0,0,1,1,201.0
912,195,4.4,181,120,115,1984,3,3,5,0,0,40,17,108,171,1,0,1,0,0,0,0,0,1,0,0,0,0,0,1,1,1001.0
913,94,3.3,171,40,23,1912,3,27,6,7,3,112,11,202,306,1,0,0,0,0,0,0,0,0,1,0,0,0,0,1,0,10000.0
914,123,3.2,154,122,118,1975,3,3,5,5,3,49,26,91,159,1,0,1,1,1,0,0,1,0,0,0,0,0,0,1,0,1001.0
916,233,3.8,205,30,13,1996,4,58,20,7,0,28,17,80,133,1,0,1,0,0,0,0,0,1,1,0,0,0,1,1,0,10000.0
919,122,3.6,38,114,91,1935,7,21,4,8,0,89,6,21,34,0,0,0,0,0,0,0,0,0,0,0,0,0,0,1,0,1001.0
920,187,2.9,29,176,159,2012,10,58,20,5,3,12,2,49,97,0,0,0,0,0,0,0,0,0,0,0,0,0,1,1,0,201.0
921,256,2.7,12,158,154,1961,3,58,20,10,0,63,18,49,113,0,0,0,0,0,0,0,1,0,0,0,0,0,1,1,1,201.0
924,69,3.2,207,139,35,0,3,44,21,12,0,0,29,96,161,1,0,1,1,0,1,1,0,0,0,0,0,0,0,1,1,1.0
926,176,3.1,246,195,193,1875,3,7,7,7,0,149,22,65,134,0,0,0,0,0,0,0,1,0,0,0,0,0,0,1,1,5001.0
928,17,4.0,2,176,177,2006,3,58,20,5,3,18,2,59,125,0,0,0,1,0,0,0,1,0,0,0,0,0,1,1,0,501.0
929,7,3.3,199,153,149,1989,3,27,6,2,0,35,27,32,59,0,0,0,0,0,0,0,0,0,0,0,0,0,0,1,1,501.0
930,237,4.5,192,85,83,1996,3,5,21,10,0,28,12,87,158,1,0,1,1,1,1,1,0,0,0,1,1,0,0,1,1,51.0
931,28,3.0,141,185,180,1977,10,11,5,8,3,47,7,27,48,0,0,1,0,0,0,0,1,0,0,0,0,0,0,1,1,1001.0
932,108,3.7,304,199,196,1852,4,27,6,11,0,172,17,39,69,0,0,1,0,0,0,0,0,0,0,0,0,0,0,1,1,5001.0
933,24,3.8,121,122,118,2002,3,52,17,9,3,22,26,36,71,1,0,1,0,0,0,0,1,0,0,0,0,0,0,1,1,1001.0
934,208,3.9,311,40,41,1968,4,15,2,0,0,56,11,107,173,1,1,1,0,0,0,0,1,0,1,0,0,0,0,1,0,5001.0
935,194,3.2,177,75,14,1958,7,14,3,0,3,66,35,56,99,0,0,0,0,0,0,0,0,0,0,0,0,0,1,1,1,5001.0
936,99,3.3,185,30,28,1976,3,4,22,5,0,48,17,25,28,0,0,0,0,0,0,0,1,0,0,0,0,0,0,0,1,1.0
938,222,3.1,246,195,193,1875,3,7,7,7,0,149,22,80,155,0,0,0,0,0,0,0,1,0,0,0,0,0,0,1,0,5001.0
939,177,2.4,89,162,158,2006,3,58,20,13,0,18,2,43,98,0,0,0,0,0,0,0,0,0,0,0,0,0,1,1,0,501.0
940,171,4.8,145,163,159,2011,3,3,5,10,0,13,2,45,78,0,0,1,0,0,0,0,1,1,0,0,0,0,0,1,0,51.0
941,247,2.9,235,107,111,2015,3,58,20,5,0,9,8,50,110,0,0,0,0,0,0,0,1,0,0,0,0,0,0,1,1,1001.0
942,18,2.9,235,88,111,2015,3,58,20,5,0,9,26,44,96,0,0,0,0,0,0,0,1,0,0,0,0,0,0,1,1,1001.0
943,169,3.7,165,30,162,0,3,0,0,5,0,0,17,100,140,0,0,0,0,0,0,0,1,0,0,0,0,0,1,1,0,501.0
944,107,3.4,23,148,143,1988,3,27,6,8,0,36,17,61,119,0,0,1,0,0,1,1,1,0,0,0,0,0,0,1,1,1001.0
945,124,4.1,55,133,129,2007,3,30,24,5,0,17,2,80,142,1,0,0,1,0,0,0,1,0,0,0,0,0,0,1,1,1.0
946,191,3.9,172,163,159,2008,4,3,5,5,0,16,2,99,178,1,0,1,0,0,0,0,0,1,0,0,0,0,0,1,0,51.0
947,68,3.6,180,26,175,1851,3,27,6,7,0,173,17,37,100,0,0,0,0,0,0,0,1,0,0,0,0,0,0,1,1,5001.0
948,51,3.9,125,163,159,2011,3,28,5,8,2,13,2,62,113,1,0,1,1,0,0,0,1,0,0,0,0,0,1,1,0,201.0
949,150,3.6,150,143,56,2017,4,58,20,9,3,7,29,86,137,0,0,0,0,0,0,0,0,0,0,0,0,0,1,1,0,10000.0
950,234,3.9,130,30,25,1830,4,58,20,7,3,194,17,58,111,0,0,0,1,0,0,0,0,0,0,0,0,0,0,1,1,10000.0
951,193,4.4,112,119,159,2006,4,28,5,8,3,18,32,72,133,1,0,1,1,0,1,1,0,0,0,0,0,0,0,1,0,1001.0
952,157,2.6,271,141,137,1984,1,2,24,5,0,40,29,56,91,0,0,0,0,0,0,0,1,0,0,0,0,0,1,0,0,501.0
953,67,3.2,207,7,35,0,3,44,21,12,0,0,29,95,160,0,1,0,0,0,0,0,1,0,0,0,0,0,0,1,0,1.0
955,168,3.6,247,19,7,1967,7,14,3,13,0,57,27,61,126,1,0,0,0,0,0,0,0,0,0,0,0,1,0,1,1,501.0
